scenario,frame,robot_r,robot_c,goal_r,goal_c,force_r,force_c,dr,dc,time_ms,success,action,pedestrians_count,max_occupancy,coverage,is_in_corridor,fallback_triggered
BR-06,1,0,1,0,1,0.0,3.0,0,1,0.09439996210858226,True,ADVANCE,11,1441.9177913467624,0.13360053440213762,False,False
BR-06,2,0,2,0,2,0.0,3.0,0,1,0.028999987989664078,True,ADVANCE,14,1441.9177913467624,0.2004008016032064,False,False
BR-06,3,0,3,0,3,0.0,3.0,0,1,0.023300002794712782,True,ADVANCE,9,1601.474805833616,0.26720106880427524,False,False
BR-06,4,0,4,0,4,0.0,3.0,0,1,0.022599997464567423,True,ADVANCE,13,1282.360776859909,0.33400133600534404,False,False
BR-06,5,1,4,0,5,0.0,3.0,1,0,0.03400002606213093,True,ADVANCE,11,1129.9303907247136,0.4008016032064128,False,True
BR-06,6,1,3,1,3,0.0,-3.0,0,-1,0.022599997464567423,True,ADVANCE,8,1022.8734649112389,0.46760187040748163,False,False
BR-06,7,1,2,1,2,0.0,-3.0,0,-1,0.02080004196614027,True,ADVANCE,3,1000.0,0.5344021376085505,False,False
BR-06,8,1,1,1,0,0.0,-6.0,0,-1,0.022899999748915434,True,ADVANCE,10,1000.0,0.6012024048096193,False,False
BR-06,9,1,0,1,0,0.0,-3.0,0,-1,0.019000028260052204,True,ADVANCE,9,1055.6379982778428,0.6680026720106881,False,False
BR-06,10,2,0,2,0,3.0,0.0,1,0,0.01950003206729889,True,ADVANCE,10,2000.0,0.7348029392117569,False,False
BR-06,11,2,1,2,1,0.0,3.0,0,1,0.02069998299703002,True,ADVANCE,4,1000.0,0.8016032064128256,False,False
BR-06,12,3,1,3,1,3.0,0.0,1,0,0.023500004317611456,True,ADVANCE,9,1055.6379982778428,0.8684034736138945,False,False
BR-06,13,3,0,3,0,0.0,-3.0,0,-1,0.01969997538253665,True,ADVANCE,3,1000.0,0.9352037408149633,False,False
BR-06,14,4,0,4,0,3.0,0.0,1,0,0.020299979951232672,True,ADVANCE,8,1022.8734649112389,1.002004008016032,False,False
BR-06,15,4,1,4,1,0.0,3.0,0,1,0.020299979951232672,True,ADVANCE,10,1022.8734649112389,1.068804275217101,False,False
BR-06,16,4,2,4,2,0.0,3.0,0,1,0.020299979951232672,True,ADVANCE,5,1000.0,1.1356045424181698,False,False
BR-06,17,3,2,3,2,-3.0,0.0,-1,0,0.019899976905435324,True,ADVANCE,9,1441.9177913467624,1.2024048096192386,False,False
BR-06,18,3,3,3,3,0.0,3.0,0,1,0.019700033590197563,True,ADVANCE,9,1000.0,1.2692050768203071,False,False
BR-06,19,2,3,2,3,-3.0,0.0,-1,0,0.06330001633614302,True,ADVANCE,4,1000.0,1.3360053440213762,False,False
BR-06,20,2,4,2,4,0.0,3.0,0,1,0.024900014977902174,True,ADVANCE,9,1040.3091292415716,1.402805611222445,False,False
BR-06,21,2,5,2,5,0.0,3.0,0,1,0.023300002794712782,True,ADVANCE,5,1000.0,1.4696058784235138,False,False
BR-06,22,1,5,1,5,-3.0,0.0,-1,0,0.02150004729628563,True,ADVANCE,10,1641.1803884299545,1.5364061456245823,False,False
BR-06,23,0,5,0,5,-3.0,0.0,-1,0,0.020199979189783335,True,ADVANCE,9,2411.1122905071875,1.6032064128256511,False,False
BR-06,24,0,6,0,6,0.0,3.0,0,1,0.019099970813840628,True,ADVANCE,6,1000.0,1.6700066800267204,False,False
BR-06,25,0,5,0,7,0.0,3.0,0,-1,0.035999983083456755,True,ADVANCE,7,1000.0,1.6700066800267204,True,True
BR-06,26,0,6,0,7,0.0,6.0,0,1,0.021199986804276705,True,ADVANCE,7,1028.5655007845503,1.6700066800267204,False,False
BR-06,27,0,7,0,7,0.0,3.0,0,1,0.020799983758479357,True,ADVANCE,11,2242.6551942635706,1.736806947227789,False,False
BR-06,28,0,8,0,8,0.0,3.0,0,1,0.020200037397444248,True,ADVANCE,6,1011.7436284570214,1.8036072144288577,False,False
BR-06,29,0,9,0,9,0.0,3.0,0,1,0.019499973859637976,True,ADVANCE,5,1000.0,1.8704074816299265,False,False
BR-06,30,0,10,0,10,0.0,3.0,0,1,0.02069998299703002,True,ADVANCE,7,1000.0,1.9372077488309953,False,False
BR-06,31,0,11,0,11,0.0,3.0,0,1,0.01829996472224593,True,ADVANCE,5,1000.0,2.004008016032064,False,False
BR-06,32,0,12,0,12,0.0,3.0,0,1,0.019199971575289965,True,ADVANCE,9,1000.0,2.070808283233133,False,False
BR-06,33,0,13,0,13,0.0,3.0,0,1,0.020300038158893585,True,ADVANCE,8,1000.0,2.137608550434202,True,False
BR-06,34,0,14,0,14,0.0,3.0,0,1,0.018700025975704193,True,ADVANCE,10,1000.0,2.2044088176352705,False,False
BR-06,35,0,15,0,15,0.0,3.0,0,1,0.018400023691356182,True,ADVANCE,8,1282.360776859909,2.2712090848363395,False,False
BR-06,36,0,16,0,16,0.0,3.0,0,1,0.018700025975704193,True,ADVANCE,7,1000.0,2.338009352037408,False,False
BR-06,37,0,17,0,17,0.0,3.0,0,1,0.021099986042827368,True,ADVANCE,11,1601.474805833616,2.404809619238477,False,False
BR-06,38,0,18,0,18,0.0,3.0,0,1,0.019499973859637976,True,ADVANCE,8,1000.0,2.4716098864395457,False,False
BR-06,39,0,19,0,19,0.0,3.0,0,1,0.019099970813840628,True,ADVANCE,8,1011.7436284570214,2.5384101536406143,False,False
BR-06,40,0,20,0,20,0.0,3.0,0,1,0.020099978428333998,True,ADVANCE,11,1800.7374029168082,2.6052104208416833,False,False
BR-06,41,0,21,0,21,0.0,3.0,0,1,0.01869996776804328,True,ADVANCE,7,1000.0,2.6720106880427523,False,False
BR-06,42,0,22,0,22,0.0,3.0,0,1,0.019700033590197563,True,ADVANCE,10,1641.1803884299545,2.738810955243821,False,False
BR-06,43,0,23,0,23,0.0,3.0,0,1,0.01850002445280552,True,ADVANCE,8,1601.474805833616,2.80561122244489,False,False
BR-06,44,0,24,0,24,0.0,3.0,0,1,0.017600017599761486,True,ADVANCE,5,1441.9177913467624,2.8724114896459585,False,False
BR-06,45,0,25,0,25,0.0,3.0,0,1,0.019499973859637976,True,ADVANCE,7,1000.0,2.9392117568470275,False,False
BR-06,46,0,26,0,26,0.0,3.0,0,1,0.019400031305849552,True,ADVANCE,8,1441.9177913467624,3.006012024048096,False,False
BR-06,47,0,27,0,27,0.0,3.0,0,1,0.018099963199347258,True,ADVANCE,3,1000.0,3.0728122912491647,False,False
BR-06,48,0,28,0,28,0.0,3.0,0,1,0.018499966245144606,True,ADVANCE,6,1441.9177913467624,3.139612558450234,False,False
BR-06,49,0,29,0,29,0.0,3.0,0,1,0.018400023691356182,True,ADVANCE,7,1800.7374029168082,3.2064128256513023,False,False
BR-06,50,0,28,0,30,0.0,3.0,0,-1,0.033699965570122004,True,ADVANCE,9,1022.8734649112389,3.2064128256513023,True,True
BR-06,51,1,28,1,28,3.0,0.0,1,0,0.019499973859637976,True,ADVANCE,8,1000.0,3.2732130928523713,False,False
BR-06,52,1,27,1,27,0.0,-3.0,0,-1,0.020099978428333998,True,ADVANCE,6,1000.0,3.3400133600534407,False,False
BR-06,53,1,26,1,26,0.0,-3.0,0,-1,0.018899969290941954,True,ADVANCE,5,1055.6379982778428,3.406813627254509,False,False
BR-06,54,1,26,1,25,0.0,-3.0,0,0,0.02459995448589325,False,WAIT,10,1138.76403372894,3.406813627254509,True,True
BR-06,55,1,25,1,25,0.0,-3.0,0,-1,0.019400031305849552,True,ADVANCE,5,1067.381626734864,3.473613894455578,False,False
BR-06,56,1,24,1,24,0.0,-3.0,0,-1,0.01869996776804328,True,ADVANCE,5,1000.0,3.5404141616566465,False,False
BR-06,57,1,23,1,23,0.0,-3.0,0,-1,0.018600025214254856,True,ADVANCE,8,1000.0,3.6072144288577155,False,False
BR-06,58,1,22,1,22,0.0,-3.0,0,-1,0.02169999061152339,True,ADVANCE,11,1470.4832921313127,3.674014696058784,False,False
BR-06,59,1,21,1,21,0.0,-3.0,0,-1,0.019000028260052204,True,ADVANCE,9,1441.9177913467624,3.740814963259853,False,False
BR-06,60,1,20,1,20,0.0,-3.0,0,-1,0.019199971575289965,True,ADVANCE,6,1011.7436284570214,3.807615230460922,False,False
BR-06,61,1,19,1,19,0.0,-3.0,0,-1,0.02139998832717538,True,ADVANCE,10,1018.3156388887342,3.8744154976619907,False,False
BR-06,62,1,18,1,18,0.0,-3.0,0,-1,0.019199971575289965,True,ADVANCE,8,1000.0,3.9412157648630597,False,False
BR-06,63,1,17,1,17,0.0,-3.0,0,-1,0.019200029782950878,True,ADVANCE,8,1022.8734649112389,4.008016032064128,False,False
BR-06,64,1,16,1,16,0.0,-3.0,0,-1,0.019000028260052204,True,ADVANCE,9,1000.0,4.074816299265197,False,False
BR-06,65,1,16,1,15,0.0,-3.0,0,0,0.024200009647756815,False,WAIT,7,1282.360776859909,4.074816299265197,True,True
BR-06,66,1,15,1,15,0.0,-3.0,0,-1,0.01939997309818864,True,ADVANCE,8,1641.1803884299545,4.141616566466266,False,False
BR-06,67,2,15,2,15,3.0,0.0,1,0,0.021300045773386955,True,ADVANCE,13,1800.7374029168082,4.208416833667335,False,False
BR-06,68,2,15,2,14,0.0,-3.0,0,0,0.027100031729787588,False,WAIT,9,1800.7374029168082,4.208416833667335,True,True
BR-06,69,2,14,2,14,0.0,-3.0,0,-1,0.02010003663599491,True,ADVANCE,12,1641.1803884299545,4.275217100868404,False,False
BR-06,70,3,14,3,14,3.0,0.0,1,0,0.019599974621087313,True,ADVANCE,5,1129.9303907247136,4.342017368069472,False,False
BR-06,71,3,13,3,13,0.0,-3.0,0,-1,0.02010003663599491,True,ADVANCE,8,1000.0,4.408817635270541,False,False
BR-06,72,3,12,3,12,0.0,-3.0,0,-1,0.019900035113096237,True,ADVANCE,11,1129.9303907247136,4.47561790247161,False,False
BR-06,73,2,12,2,12,-3.0,0.0,-1,0,0.03479997394606471,True,ADVANCE,5,1000.0,4.542418169672679,False,False
BR-06,74,1,12,1,12,-3.0,0.0,-1,0,0.021499989088624716,True,ADVANCE,7,1018.3156388887342,4.609218436873747,False,False
BR-06,75,1,11,1,11,0.0,-3.0,0,-1,0.02039998071268201,True,ADVANCE,4,1000.0,4.676018704074816,False,False
BR-06,76,1,10,1,10,0.0,-3.0,0,-1,0.018799968529492617,True,ADVANCE,8,1709.8428290555119,4.742818971275885,False,False
BR-06,77,1,9,1,9,0.0,-3.0,0,-1,0.01869996776804328,True,ADVANCE,11,1129.9303907247136,4.809619238476954,False,False
BR-06,78,1,8,1,8,0.0,-3.0,0,-1,0.01869996776804328,True,ADVANCE,7,1441.9177913467624,4.876419505678023,False,False
BR-06,79,1,7,1,7,0.0,-3.0,0,-1,0.019700033590197563,True,ADVANCE,9,1641.1803884299545,4.943219772879091,False,False
BR-06,80,1,6,1,6,0.0,-3.0,0,-1,0.020099978428333998,True,ADVANCE,10,1238.2984139466093,5.01002004008016,False,False
BR-06,81,2,6,2,6,3.0,0.0,1,0,0.018700025975704193,True,ADVANCE,12,1129.9303907247136,5.076820307281229,False,False
BR-06,82,2,7,2,7,0.0,3.0,0,1,0.020499981474131346,True,ADVANCE,8,1000.0,5.143620574482298,False,False
BR-06,83,2,8,2,8,0.0,3.0,0,1,0.019600032828748226,True,ADVANCE,8,1230.1653323127296,5.210420841683367,False,False
BR-06,84,2,9,2,9,0.0,3.0,0,1,0.02050003968179226,True,ADVANCE,5,1000.0,5.277221108884436,False,False
BR-06,85,2,10,2,10,0.0,3.0,0,1,0.026600027922540903,True,ADVANCE,9,1055.6379982778428,5.344021376085505,False,False
BR-06,86,2,11,2,11,0.0,3.0,0,1,0.020899984519928694,True,ADVANCE,12,1550.2858145686582,5.410821643286573,False,False
BR-06,87,3,11,3,11,3.0,0.0,1,0,0.0198000343516469,True,ADVANCE,6,1000.0,5.477621910487642,False,False
BR-06,88,3,10,3,10,0.0,-3.0,0,-1,0.019600032828748226,True,ADVANCE,7,1000.0,5.544422177688711,False,False
BR-06,89,3,9,3,9,0.0,-3.0,0,-1,0.020899984519928694,True,ADVANCE,13,1610.9311067528286,5.61122244488978,False,False
BR-06,90,3,8,3,8,0.0,-3.0,0,-1,0.020300038158893585,True,ADVANCE,11,1000.0,5.678022712090848,False,False
BR-06,91,3,7,3,7,0.0,-3.0,0,-1,0.018899969290941954,True,ADVANCE,5,1000.0,5.744822979291917,False,False
BR-06,92,3,7,3,6,0.0,-3.0,0,0,0.025799963623285294,False,WAIT,14,1211.8496934239954,5.744822979291917,True,True
BR-06,93,3,6,3,6,0.0,-3.0,0,-1,0.020299979951232672,True,ADVANCE,10,1129.9303907247136,5.811623246492986,False,False
BR-06,94,4,6,4,6,3.0,0.0,1,0,0.019700033590197563,True,ADVANCE,14,1497.5557896246055,5.878423513694055,False,False
BR-06,95,4,5,4,5,0.0,-3.0,0,-1,0.02300000051036477,True,ADVANCE,8,1282.360776859909,5.945223780895124,False,False
BR-06,96,4,4,4,4,0.0,-3.0,0,-1,0.020899984519928694,True,ADVANCE,9,1441.9177913467624,6.012024048096192,False,False
BR-06,97,3,4,3,4,-3.0,0.0,-1,0,0.020899984519928694,True,ADVANCE,8,1800.7374029168082,6.078824315297261,False,False
BR-06,98,4,4,4,3,3.0,-3.0,1,0,0.020599982235580683,True,ADVANCE,7,1000.0,6.078824315297261,False,False
BR-06,99,4,3,4,3,0.0,-3.0,0,-1,0.062000006437301636,True,ADVANCE,8,1211.8496934239954,6.145624582498329,False,False
BR-06,100,5,3,5,3,3.0,0.0,1,0,0.02600002335384488,True,ADVANCE,9,1800.7374029168082,6.212424849699398,False,False
BR-06,101,5,2,5,2,0.0,-3.0,0,-1,0.023100001271814108,True,ADVANCE,5,1000.0,6.279225116900468,False,False
BR-06,102,5,1,5,1,0.0,-3.0,0,-1,0.023500004317611456,True,ADVANCE,9,1800.7374029168082,6.346025384101536,False,False
BR-06,103,5,0,5,0,0.0,-3.0,0,-1,0.020300038158893585,True,ADVANCE,12,1441.9177913467624,6.4128256513026045,False,False
BR-06,104,6,0,6,0,3.0,0.0,1,0,0.020799983758479357,True,ADVANCE,9,1441.9177913467624,6.479625918503674,False,False
BR-06,105,6,1,6,1,0.0,3.0,0,1,0.020299979951232672,True,ADVANCE,9,1441.9177913467624,6.5464261857047426,False,False
BR-06,106,6,2,6,2,0.0,3.0,0,1,0.019199971575289965,True,ADVANCE,11,1129.9303907247136,6.613226452905812,False,False
BR-06,107,6,3,6,3,0.0,3.0,0,1,0.019200029782950878,True,ADVANCE,6,1129.9303907247136,6.6800267201068815,False,False
BR-06,108,6,4,6,4,0.0,3.0,0,1,0.01999997766688466,True,ADVANCE,10,1230.1653323127296,6.74682698730795,False,False
BR-06,109,5,4,5,4,-3.0,0.0,-1,0,0.021099986042827368,True,ADVANCE,7,1028.5655007845503,6.813627254509018,False,False
BR-06,110,5,5,5,5,0.0,3.0,0,1,0.019900035113096237,True,ADVANCE,13,1641.1803884299545,6.880427521710086,False,False
BR-06,111,5,6,5,6,0.0,3.0,0,1,0.020599982235580683,True,ADVANCE,10,1000.0,6.947227788911156,False,False
BR-06,112,5,7,5,7,0.0,3.0,0,1,0.019200029782950878,True,ADVANCE,3,1000.0,7.014028056112225,False,False
BR-06,113,4,7,4,7,-3.0,0.0,-1,0,0.01950003206729889,True,ADVANCE,6,1000.0,7.080828323313293,False,False
BR-06,114,4,7,4,8,0.0,3.0,0,0,0.027200032491236925,False,WAIT,9,1000.0,7.080828323313293,True,True
BR-06,115,4,8,4,8,0.0,3.0,0,1,0.02069998299703002,True,ADVANCE,6,1441.9177913467624,7.147628590514363,False,False
BR-06,116,4,9,4,9,0.0,3.0,0,1,0.019400031305849552,True,ADVANCE,5,1000.0,7.214428857715431,False,False
BR-06,117,4,10,4,10,0.0,3.0,0,1,0.01910002902150154,True,ADVANCE,6,1011.7436284570214,7.2812291249165,False,False
BR-06,118,4,10,4,11,0.0,3.0,0,0,0.023600005079060793,False,WAIT,4,1000.0,7.2812291249165,True,True
BR-06,119,4,11,4,11,0.0,3.0,0,1,0.02039998071268201,True,ADVANCE,14,1601.474805833616,7.348029392117568,False,False
BR-06,120,4,12,4,12,0.0,3.0,0,1,0.020799983758479357,True,ADVANCE,9,1810.1937038360206,7.414829659318638,False,False
BR-06,121,4,13,4,13,0.0,3.0,0,1,0.021199986804276705,True,ADVANCE,7,1000.0,7.481629926519706,False,False
BR-06,122,4,14,4,14,0.0,3.0,0,1,0.020099978428333998,True,ADVANCE,4,1000.0,7.548430193720774,False,False
BR-06,123,5,14,5,14,3.0,0.0,1,0,0.021200045011937618,True,ADVANCE,6,1000.0,7.615230460921844,False,False
BR-06,124,5,13,5,13,0.0,-3.0,0,-1,0.020400038920342922,True,ADVANCE,7,1028.5655007845503,7.682030728122912,False,False
BR-06,125,5,12,5,12,0.0,-3.0,0,-1,0.025200017262250185,True,ADVANCE,14,2028.5655007845503,7.748830995323981,False,False
BR-06,126,5,11,5,11,0.0,-3.0,0,-1,0.045900000259280205,True,ADVANCE,7,1022.8734649112389,7.8156312625250495,False,False
BR-06,127,5,11,5,10,0.0,-3.0,0,0,0.032100011594593525,False,WAIT,5,1000.0,7.8156312625250495,True,True
BR-06,128,5,10,5,10,0.0,-3.0,0,-1,0.02269999822601676,True,ADVANCE,7,1055.6379982778428,7.882431529726119,False,False
BR-06,129,5,9,5,9,0.0,-3.0,0,-1,0.02099998528137803,True,ADVANCE,9,1129.9303907247136,7.9492317969271875,False,False
BR-06,130,5,8,5,8,0.0,-3.0,0,-1,0.021799991372972727,True,ADVANCE,17,1441.9177913467624,8.016032064128256,False,False
BR-06,131,6,8,6,8,3.0,0.0,1,0,0.02169999061152339,True,ADVANCE,6,1441.9177913467624,8.082832331329326,False,False
BR-06,132,6,7,6,7,0.0,-3.0,0,-1,0.02069998299703002,True,ADVANCE,5,1000.0,8.149632598530394,False,False
BR-06,133,6,6,6,6,0.0,-3.0,0,-1,0.020299979951232672,True,ADVANCE,9,1641.1803884299545,8.216432865731463,False,False
BR-06,134,6,5,6,5,0.0,-3.0,0,-1,0.01969997538253665,True,ADVANCE,9,1823.610867828047,8.283233132932532,False,False
BR-06,135,7,5,7,5,3.0,0.0,1,0,0.02110004425048828,True,ADVANCE,9,1800.7374029168082,8.3500334001336,False,False
BR-06,136,7,4,7,4,0.0,-3.0,0,-1,0.01969997538253665,True,ADVANCE,5,1000.0,8.41683366733467,False,False
BR-06,137,7,3,7,3,0.0,-3.0,0,-1,0.019799976143985987,True,ADVANCE,10,1000.0,8.483633934535737,False,False
BR-06,138,7,2,7,2,0.0,-3.0,0,-1,0.019799976143985987,True,ADVANCE,5,1000.0,8.550434201736808,False,False
BR-06,139,7,1,7,1,0.0,-3.0,0,-1,0.020300038158893585,True,ADVANCE,10,1000.0,8.617234468937877,False,False
BR-06,140,7,0,7,0,0.0,-3.0,0,-1,0.01850002445280552,True,ADVANCE,5,1000.0,8.684034736138944,False,False
BR-06,141,8,0,8,0,3.0,0.0,1,0,0.019599974621087313,True,ADVANCE,16,1601.474805833616,8.750835003340013,False,False
BR-06,142,7,0,8,1,0.0,3.0,-1,0,0.03029999788850546,True,ADVANCE,15,1800.7374029168082,8.750835003340013,True,True
BR-06,143,7,1,8,1,3.0,3.0,0,1,0.02670002868399024,True,ADVANCE,14,1211.8496934239954,8.750835003340013,False,True
BR-06,144,8,1,8,1,3.0,0.0,1,0,0.020799983758479357,True,ADVANCE,8,1441.9177913467624,8.817635270541082,False,False
BR-06,145,8,2,8,2,0.0,3.0,0,1,0.02050003968179226,True,ADVANCE,9,1441.9177913467624,8.884435537742151,False,False
BR-06,146,8,3,8,3,0.0,3.0,0,1,0.01969997538253665,True,ADVANCE,9,1022.8734649112389,8.95123580494322,False,False
BR-06,147,9,3,9,3,3.0,0.0,1,0,0.019300030544400215,True,ADVANCE,6,1055.6379982778428,9.01803607214429,False,False
BR-06,148,9,2,9,2,0.0,-3.0,0,-1,0.019499973859637976,True,ADVANCE,10,1601.474805833616,9.084836339345358,False,False
BR-06,149,9,1,9,1,0.0,-3.0,0,-1,0.034100026823580265,True,ADVANCE,13,1441.9177913467624,9.151636606546425,False,False
BR-06,150,9,0,9,0,0.0,-3.0,0,-1,0.030700000934302807,True,ADVANCE,9,1011.7436284570214,9.218436873747494,False,False
BR-06,151,10,0,10,0,3.0,0.0,1,0,0.018900027498602867,True,ADVANCE,10,1000.0,9.285237140948563,False,False
BR-06,152,10,1,10,1,0.0,3.0,0,1,0.029999995604157448,True,ADVANCE,12,1022.8734649112389,9.352037408149632,False,False
BR-06,153,10,2,10,2,0.0,3.0,0,1,0.029999995604157448,True,ADVANCE,7,1000.0,9.418837675350701,False,False
BR-06,154,10,3,10,3,0.0,3.0,0,1,0.019499973859637976,True,ADVANCE,6,1011.7436284570214,9.48563794255177,False,False
BR-06,155,10,4,10,4,0.0,3.0,0,1,0.021099986042827368,True,ADVANCE,6,1000.0,9.55243820975284,False,False
BR-06,156,9,4,9,4,-3.0,0.0,-1,0,0.0198000343516469,True,ADVANCE,9,1211.8496934239954,9.619238476953909,False,False
BR-06,157,9,5,9,5,0.0,3.0,0,1,0.022099993657320738,True,ADVANCE,10,1441.9177913467624,9.686038744154976,False,False
BR-06,158,8,5,8,5,-3.0,0.0,-1,0,0.019300030544400215,True,ADVANCE,8,1441.9177913467624,9.752839011356047,False,False
BR-06,159,8,6,8,6,0.0,3.0,0,1,0.01999997766688466,True,ADVANCE,5,1000.0,9.819639278557114,False,False
BR-06,160,7,6,7,6,-3.0,0.0,-1,0,0.020299979951232672,True,ADVANCE,11,1641.1803884299545,9.886439545758183,False,False
BR-06,161,7,7,7,7,0.0,3.0,0,1,0.02440001117065549,True,ADVANCE,15,1000.0,9.953239812959252,False,False
BR-06,162,8,7,8,7,3.0,0.0,1,0,0.02239999594166875,True,ADVANCE,7,1018.3156388887342,10.02004008016032,False,False
BR-06,163,8,8,8,8,0.0,3.0,0,1,0.019600032828748226,True,ADVANCE,8,1441.9177913467624,10.08684034736139,False,False
BR-06,164,9,8,9,8,3.0,0.0,1,0,0.019200029782950878,True,ADVANCE,11,1441.9177913467624,10.153640614562457,False,False
BR-06,165,9,7,9,7,0.0,-3.0,0,-1,0.021499989088624716,True,ADVANCE,6,1000.0,10.220440881763528,False,False
BR-06,166,9,6,9,6,0.0,-3.0,0,-1,0.01939997309818864,True,ADVANCE,7,1000.0,10.287241148964595,False,False
BR-06,167,9,6,10,6,3.0,0.0,0,0,0.024800014216452837,False,WAIT,12,1800.7374029168082,10.287241148964595,True,True
BR-06,168,10,6,10,6,3.0,0.0,1,0,0.01939997309818864,True,ADVANCE,9,1000.0,10.354041416165664,False,False
BR-06,169,10,5,10,5,0.0,-3.0,0,-1,0.02039998071268201,True,ADVANCE,9,1800.7374029168082,10.420841683366733,False,False
BR-06,170,11,5,11,5,3.0,0.0,1,0,0.019400031305849552,True,ADVANCE,10,1641.1803884299545,10.487641950567802,False,False
BR-06,171,11,4,11,4,0.0,-3.0,0,-1,0.019600032828748226,True,ADVANCE,4,1000.0,10.554442217768871,False,False
BR-06,172,11,3,11,3,0.0,-3.0,0,-1,0.02050003968179226,True,ADVANCE,13,1800.7374029168082,10.62124248496994,False,False
BR-06,173,11,2,11,2,0.0,-3.0,0,-1,0.019199971575289965,True,ADVANCE,8,1800.7374029168082,10.68804275217101,False,False
BR-06,174,11,1,11,1,0.0,-3.0,0,-1,0.019200029782950878,True,ADVANCE,8,1000.0,10.754843019372078,False,False
BR-06,175,11,0,11,0,0.0,-3.0,0,-1,0.019900035113096237,True,ADVANCE,6,1129.9303907247136,10.821643286573146,False,False
BR-06,176,12,0,12,0,3.0,0.0,1,0,0.019199971575289965,True,ADVANCE,11,1453.661419803784,10.888443553774215,False,False
BR-06,177,12,1,12,1,0.0,3.0,0,1,0.018199963960796595,True,ADVANCE,3,1000.0,10.955243820975284,False,False
BR-06,178,12,2,12,2,0.0,3.0,0,1,0.019199971575289965,True,ADVANCE,9,1000.0,11.022044088176353,False,False
BR-06,179,12,3,12,3,0.0,3.0,0,1,0.020199979189783335,True,ADVANCE,11,1000.0,11.088844355377422,False,False
BR-06,180,12,4,12,4,0.0,3.0,0,1,0.05929998587816954,True,ADVANCE,6,1800.7374029168082,11.15564462257849,False,False
BR-06,181,13,4,13,4,3.0,0.0,1,0,0.032400013878941536,True,ADVANCE,5,1000.0,11.22244488977956,False,False
BR-06,182,13,3,13,3,0.0,-3.0,0,-1,0.026799971237778664,True,ADVANCE,13,1441.9177913467624,11.289245156980627,False,False
BR-06,183,13,2,13,2,0.0,-3.0,0,-1,0.02540001878514886,True,ADVANCE,14,1067.381626734864,11.356045424181696,False,False
BR-06,184,13,1,13,1,0.0,-3.0,0,-1,0.02429995220154524,True,ADVANCE,13,1800.7374029168082,11.422845691382765,False,False
BR-06,185,13,0,13,0,0.0,-3.0,0,-1,0.021599989850074053,True,ADVANCE,9,1282.360776859909,11.489645958583834,False,False
BR-06,186,14,0,14,0,3.0,0.0,1,0,0.01999997766688466,True,ADVANCE,5,1000.0,11.556446225784903,False,False
BR-06,187,14,1,14,1,0.0,3.0,0,1,0.018799968529492617,True,ADVANCE,11,1800.7374029168082,11.623246492985972,False,False
BR-06,188,14,2,14,2,0.0,3.0,0,1,0.019899976905435324,True,ADVANCE,8,1000.0,11.690046760187041,False,False
BR-06,189,14,3,14,3,0.0,3.0,0,1,0.020499981474131346,True,ADVANCE,10,1800.7374029168082,11.75684702738811,False,False
BR-06,190,14,4,14,4,0.0,3.0,0,1,0.019300030544400215,True,ADVANCE,8,1000.0,11.823647294589177,False,False
BR-06,191,14,5,14,5,0.0,3.0,0,1,0.018900027498602867,True,ADVANCE,7,1441.9177913467624,11.890447561790248,False,False
BR-06,192,13,5,13,5,-3.0,0.0,-1,0,0.020700041204690933,True,ADVANCE,13,1441.9177913467624,11.957247828991315,False,False
BR-06,193,13,6,13,6,0.0,3.0,0,1,0.020400038920342922,True,ADVANCE,14,1800.7374029168082,12.024048096192384,False,False
BR-06,194,13,7,13,7,0.0,3.0,0,1,0.019200029782950878,True,ADVANCE,5,1000.0,12.090848363393453,False,False
BR-06,195,12,7,12,7,-3.0,0.0,-1,0,0.019799976143985987,True,ADVANCE,8,1641.1803884299545,12.157648630594522,False,False
BR-06,196,12,8,11,7,-3.0,0.0,0,1,0.03439997090026736,True,ADVANCE,6,1018.3156388887342,12.224448897795591,False,True
BR-06,197,11,8,11,8,-3.0,0.0,-1,0,0.02039998071268201,True,ADVANCE,4,1000.0,12.291249164996659,False,False
BR-06,198,10,8,10,8,-3.0,0.0,-1,0,0.019900035113096237,True,ADVANCE,10,2000.0,12.35804943219773,False,False
BR-06,199,10,7,10,7,0.0,-3.0,0,-1,0.019499973859637976,True,ADVANCE,9,1129.9303907247136,12.424849699398797,False,False
BR-06,200,11,7,11,7,3.0,0.0,1,0,0.020099978428333998,True,ADVANCE,10,1641.1803884299545,12.491649966599866,False,False
BR-06,201,11,6,11,6,0.0,-3.0,0,-1,0.019799976143985987,True,ADVANCE,9,1441.9177913467624,12.558450233800937,False,False
BR-06,202,11,7,11,9,0.0,9.0,0,1,0.019600032828748226,True,ADVANCE,7,1000.0,12.558450233800937,False,False
BR-06,203,11,8,11,9,0.0,6.0,0,1,0.021799991372972727,True,ADVANCE,12,1211.8496934239954,12.558450233800937,False,False
BR-06,204,11,9,11,9,0.0,3.0,0,1,0.020700041204690933,True,ADVANCE,9,1969.750718322874,12.625250501002002,False,False
BR-06,205,10,9,10,9,-3.0,0.0,-1,0,0.048600020818412304,True,ADVANCE,12,1282.360776859909,12.692050768203073,False,False
BR-06,206,9,9,9,9,-3.0,0.0,-1,0,0.02269999822601676,True,ADVANCE,7,1000.0,12.758851035404142,False,False
BR-06,207,9,10,9,10,0.0,3.0,0,1,0.020299979951232672,True,ADVANCE,8,1000.0,12.825651302605209,False,False
BR-06,208,8,10,8,10,-3.0,0.0,-1,0,0.019700033590197563,True,ADVANCE,7,1000.0,12.89245156980628,False,False
BR-06,209,8,11,8,11,0.0,3.0,0,1,0.02039998071268201,True,ADVANCE,8,1601.474805833616,12.959251837007349,False,False
BR-06,210,7,11,7,11,-3.0,0.0,-1,0,0.020799983758479357,True,ADVANCE,6,1055.6379982778428,13.026052104208416,False,False
BR-06,211,6,11,6,11,-3.0,0.0,-1,0,0.020499981474131346,True,ADVANCE,13,1936.0726861534208,13.092852371409485,False,False
BR-06,212,6,10,6,10,0.0,-3.0,0,-1,0.019199971575289965,True,ADVANCE,4,1000.0,13.159652638610556,False,False
BR-06,213,6,9,6,9,0.0,-3.0,0,-1,0.020499981474131346,True,ADVANCE,11,1282.360776859909,13.226452905811623,False,False
BR-06,214,7,9,7,9,3.0,0.0,1,0,0.019300030544400215,True,ADVANCE,8,1185.5683890025564,13.293253173012692,False,False
BR-06,215,7,9,7,12,0.0,9.0,0,0,0.026099965907633305,False,WAIT,8,1000.0,13.293253173012692,True,True
BR-06,216,7,10,7,12,0.0,9.0,0,1,0.031200004741549492,True,ADVANCE,8,1800.7374029168082,13.360053440213763,False,False
BR-06,217,7,11,7,12,0.0,6.0,0,1,0.01999997766688466,True,ADVANCE,7,1441.9177913467624,13.360053440213763,False,False
BR-06,218,7,12,7,12,0.0,3.0,0,1,0.019199971575289965,True,ADVANCE,8,1000.0,13.426853707414828,False,False
BR-06,219,6,12,6,12,-3.0,0.0,-1,0,0.01899997005239129,True,ADVANCE,13,1022.8734649112389,13.4936539746159,False,False
BR-06,220,6,13,6,13,0.0,3.0,0,1,0.019899976905435324,True,ADVANCE,8,2000.0,13.560454241816966,False,False
BR-06,221,6,14,6,14,0.0,3.0,0,1,0.018600025214254856,True,ADVANCE,8,1000.0,13.627254509018035,False,False
BR-06,222,6,15,6,15,0.0,3.0,0,1,0.018900027498602867,True,ADVANCE,9,1441.9177913467624,13.694054776219106,False,False
BR-06,223,5,15,5,15,-3.0,0.0,-1,0,0.018899969290941954,True,ADVANCE,5,1000.0,13.760855043420172,False,False
BR-06,224,5,16,5,16,0.0,3.0,0,1,0.019700033590197563,True,ADVANCE,6,1800.7374029168082,13.827655310621243,False,False
BR-06,225,5,17,5,17,0.0,3.0,0,1,0.0192999723367393,True,ADVANCE,7,1000.0,13.894455577822312,False,False
BR-06,226,4,17,4,17,-3.0,0.0,-1,0,0.020200037397444248,True,ADVANCE,9,1000.0,13.961255845023379,False,False
BR-06,227,3,17,3,17,-3.0,0.0,-1,0,0.0192999723367393,True,ADVANCE,4,1000.0,14.02805611222445,False,False
BR-06,228,2,17,2,17,-3.0,0.0,-1,0,0.020300038158893585,True,ADVANCE,8,1022.8734649112389,14.094856379425519,False,False
BR-06,229,2,16,2,16,0.0,-3.0,0,-1,0.01950003206729889,True,ADVANCE,13,1441.9177913467624,14.161656646626586,False,False
BR-06,230,3,16,3,16,3.0,0.0,1,0,0.019700033590197563,True,ADVANCE,11,1028.5655007845503,14.228456913827655,False,False
BR-06,231,3,16,3,15,0.0,-3.0,0,0,0.02619996666908264,False,WAIT,9,1129.9303907247136,14.228456913827655,True,True
BR-06,232,3,15,3,15,0.0,-3.0,0,-1,0.01950003206729889,True,ADVANCE,3,1000.0,14.295257181028726,False,False
BR-06,233,3,16,3,18,0.0,9.0,0,1,0.021099986042827368,True,ADVANCE,11,1441.9177913467624,14.295257181028726,False,False
BR-06,234,3,17,3,18,0.0,6.0,0,1,0.021299987565726042,True,ADVANCE,8,1000.0,14.295257181028726,False,False
BR-06,235,3,18,3,18,0.0,3.0,0,1,0.022599997464567423,True,ADVANCE,10,1000.0,14.362057448229793,False,False
BR-06,236,2,18,2,18,-3.0,0.0,-1,0,0.01950003206729889,True,ADVANCE,14,2441.9177913467624,14.428857715430862,False,False
BR-06,237,2,19,2,19,0.0,3.0,0,1,0.020199979189783335,True,ADVANCE,8,1800.7374029168082,14.49565798263193,False,False
BR-06,238,2,20,2,20,0.0,3.0,0,1,0.02440001117065549,True,ADVANCE,9,1018.3156388887342,14.562458249833,False,False
BR-06,239,2,21,2,21,0.0,3.0,0,1,0.03060000017285347,True,ADVANCE,13,1641.1803884299545,14.629258517034069,False,False
BR-06,240,2,22,2,22,0.0,3.0,0,1,0.02239999594166875,True,ADVANCE,8,1441.9177913467624,14.696058784235136,False,False
BR-06,241,2,23,2,23,0.0,3.0,0,1,0.020899984519928694,True,ADVANCE,9,1800.7374029168082,14.762859051436205,False,False
BR-06,242,2,24,2,24,0.0,3.0,0,1,0.02050003968179226,True,ADVANCE,8,1000.0,14.829659318637276,False,False
BR-06,243,2,25,2,25,0.0,3.0,0,1,0.019499973859637976,True,ADVANCE,11,1453.661419803784,14.896459585838343,False,False
BR-06,244,2,26,2,26,0.0,3.0,0,1,0.020199979189783335,True,ADVANCE,8,1000.0,14.963259853039412,False,False
BR-06,245,2,27,2,27,0.0,3.0,0,1,0.020199979189783335,True,ADVANCE,7,1000.0,15.030060120240481,False,False
BR-06,246,2,28,2,28,0.0,3.0,0,1,0.01899997005239129,True,ADVANCE,7,1800.7374029168082,15.096860387441549,False,False
BR-06,247,2,29,2,29,0.0,3.0,0,1,0.019300030544400215,True,ADVANCE,7,1211.8496934239954,15.16366065464262,False,False
BR-06,248,1,29,1,29,-3.0,0.0,-1,0,0.0219999928958714,True,ADVANCE,15,2108.368023221896,15.230460921843688,False,False
BR-06,249,1,30,1,30,0.0,3.0,0,1,0.02099998528137803,True,ADVANCE,14,1630.0403066181666,15.297261189044756,False,False
BR-06,250,0,30,0,30,-3.0,0.0,-1,0,0.018900027498602867,True,ADVANCE,15,1829.3029037013584,15.364061456245825,False,False
BR-06,251,0,31,0,31,0.0,3.0,0,1,0.01880002673715353,True,ADVANCE,11,2000.0,15.430861723446892,False,False
BR-06,252,0,32,0,32,0.0,3.0,0,1,0.02050003968179226,True,ADVANCE,17,1305.234241771148,15.497661990647963,False,False
BR-06,253,0,33,0,33,0.0,3.0,0,1,0.018700025975704193,True,ADVANCE,8,1601.474805833616,15.564462257849032,False,False
BR-06,254,0,34,0,34,0.0,3.0,0,1,0.019900035113096237,True,ADVANCE,14,1613.2184342906376,15.631262525050099,False,False
BR-06,255,0,35,0,35,0.0,3.0,0,1,0.01899997005239129,True,ADVANCE,9,1441.9177913467624,15.69806279225117,False,False
BR-06,256,0,36,0,36,0.0,3.0,0,1,0.018000020645558834,True,ADVANCE,3,1000.0,15.764863059452239,False,False
BR-06,257,0,37,0,37,0.0,3.0,0,1,0.01810002140700817,True,ADVANCE,4,1800.7374029168082,15.831663326653306,False,False
BR-06,258,1,37,0,38,0.0,3.0,1,0,0.039000005926936865,True,ADVANCE,13,1441.9177913467624,15.898463593854375,False,True
BR-06,259,1,36,1,36,0.0,-3.0,0,-1,0.019700033590197563,True,ADVANCE,5,1000.0,15.965263861055446,False,False
BR-06,260,1,35,1,35,0.0,-3.0,0,-1,0.024200009647756815,True,ADVANCE,7,1000.0,16.03206412825651,False,False
BR-06,261,1,34,1,34,0.0,-3.0,0,-1,0.02010003663599491,True,ADVANCE,7,1000.0,16.098864395457582,False,False
BR-06,262,1,33,1,33,0.0,-3.0,0,-1,0.021799991372972727,True,ADVANCE,8,1022.8734649112389,16.165664662658653,False,False
BR-06,263,1,32,1,32,0.0,-3.0,0,-1,0.01999997766688466,True,ADVANCE,7,1470.483292131313,16.23246492985972,False,False
BR-06,264,1,31,1,31,0.0,-3.0,0,-1,0.020499981474131346,True,ADVANCE,15,1630.0403066181666,16.299265197060787,False,False
BR-06,265,2,31,2,31,3.0,0.0,1,0,0.0198000343516469,True,ADVANCE,8,1000.0,16.366065464261855,False,False
BR-06,266,2,30,2,30,0.0,-3.0,0,-1,0.024499953724443913,True,ADVANCE,9,1022.8734649112389,16.432865731462925,False,False
BR-06,267,3,30,3,30,3.0,0.0,1,0,0.021499989088624716,True,ADVANCE,10,1441.9177913467624,16.499665998663996,False,False
BR-06,268,3,29,3,29,0.0,-3.0,0,-1,0.021900050342082977,True,ADVANCE,14,1240.415194208546,16.566466265865063,False,False
BR-06,269,3,28,3,28,0.0,-3.0,0,-1,0.02069998299703002,True,ADVANCE,6,1800.7374029168082,16.63326653306613,False,False
BR-06,270,3,27,3,27,0.0,-3.0,0,-1,0.01999997766688466,True,ADVANCE,10,1055.6379982778428,16.7000668002672,False,False
BR-06,271,3,26,3,26,0.0,-3.0,0,-1,0.02050003968179226,True,ADVANCE,6,1000.0,16.76686706746827,False,False
BR-06,272,3,25,3,25,0.0,-3.0,0,-1,0.0192999723367393,True,ADVANCE,10,1282.360776859909,16.83366733466934,False,False
BR-06,273,4,25,4,25,3.0,0.0,1,0,0.019200029782950878,True,ADVANCE,8,1641.1803884299545,16.90046760187041,False,False
BR-06,274,4,24,4,24,0.0,-3.0,0,-1,0.019400031305849552,True,ADVANCE,12,1441.9177913467624,16.967267869071474,False,False
BR-06,275,4,23,4,23,0.0,-3.0,0,-1,0.020600040443241596,True,ADVANCE,5,1000.0,17.034068136272545,False,False
BR-06,276,3,23,3,23,-3.0,0.0,-1,0,0.020300038158893585,True,ADVANCE,7,1000.0,17.100868403473616,False,False
BR-06,277,3,22,3,22,0.0,-3.0,0,-1,0.020300038158893585,True,ADVANCE,8,1282.360776859909,17.167668670674683,False,False
BR-06,278,3,21,3,21,0.0,-3.0,0,-1,0.019400031305849552,True,ADVANCE,5,1000.0,17.234468937875754,False,False
BR-06,279,2,21,3,20,0.0,-3.0,-1,0,0.031400006264448166,True,ADVANCE,6,1000.0,17.234468937875754,False,True
BR-06,280,3,21,3,20,3.0,-3.0,1,0,0.020199979189783335,True,ADVANCE,10,1441.9177913467624,17.234468937875754,False,False
BR-06,281,4,21,3,20,0.0,-3.0,1,0,0.02629996743053198,True,ADVANCE,6,1000.0,17.30126920507682,False,True
BR-06,282,4,20,4,20,0.0,-3.0,0,-1,0.019599974621087313,True,ADVANCE,10,1441.9177913467624,17.368069472277888,False,False
BR-06,283,3,20,3,20,-3.0,0.0,-1,0,0.02169999061152339,True,ADVANCE,12,1641.1803884299545,17.43486973947896,False,False
BR-06,284,3,19,3,19,0.0,-3.0,0,-1,0.01969997538253665,True,ADVANCE,7,1800.7374029168082,17.501670006680026,False,False
BR-06,285,4,19,4,19,3.0,0.0,1,0,0.01999997766688466,True,ADVANCE,6,1000.0,17.568470273881097,False,False
BR-06,286,4,18,4,18,0.0,-3.0,0,-1,0.020099978428333998,True,ADVANCE,9,1641.1803884299545,17.635270541082164,False,False
BR-06,287,5,18,5,18,3.0,0.0,1,0,0.019199971575289965,True,ADVANCE,6,1000.0,17.70207080828323,False,False
BR-06,288,5,19,5,19,0.0,3.0,0,1,0.477899971883744,True,ADVANCE,8,1601.474805833616,17.768871075484302,False,False
BR-06,289,5,20,5,20,0.0,3.0,0,1,0.026300025638192892,True,ADVANCE,7,1000.0,17.835671342685373,False,False
BR-06,290,5,21,5,21,0.0,3.0,0,1,0.033699965570122004,True,ADVANCE,11,1240.415194208546,17.90247160988644,False,False
BR-06,291,5,22,5,22,0.0,3.0,0,1,0.024500011932104826,True,ADVANCE,9,1470.483292131313,17.969271877087508,False,False
BR-06,292,6,22,4,22,-3.0,0.0,1,0,0.04930002614855766,True,ADVANCE,10,2055.6379982778426,18.03607214428858,False,True
BR-06,293,6,21,6,21,0.0,-3.0,0,-1,0.027600035537034273,True,ADVANCE,7,1000.0,18.102872411489646,False,False
BR-06,294,6,20,6,20,0.0,-3.0,0,-1,0.026399968191981316,True,ADVANCE,13,1211.8496934239954,18.169672678690716,False,False
BR-06,295,6,19,6,19,0.0,-3.0,0,-1,0.026500027161091566,True,ADVANCE,6,1000.0,18.236472945891784,False,False
BR-06,296,6,18,6,18,0.0,-3.0,0,-1,0.026300025638192892,True,ADVANCE,7,1000.0,18.30327321309285,False,False
BR-06,297,6,17,6,17,0.0,-3.0,0,-1,0.02789997961372137,True,ADVANCE,12,2129.9303907247136,18.37007348029392,False,False
BR-06,298,6,16,6,16,0.0,-3.0,0,-1,0.020799983758479357,True,ADVANCE,8,1000.0,18.43687374749499,False,False
BR-06,299,7,16,7,16,3.0,0.0,1,0,0.019499973859637976,True,ADVANCE,9,1441.9177913467624,18.50367401469606,False,False
BR-06,300,7,15,7,15,0.0,-3.0,0,-1,0.01999997766688466,True,ADVANCE,6,1055.6379982778428,18.570474281897127,False,False
BR-06,301,7,14,7,14,0.0,-3.0,0,-1,0.020599982235580683,True,ADVANCE,8,1000.0,18.637274549098194,False,False
BR-06,302,7,13,7,13,0.0,-3.0,0,-1,0.019499973859637976,True,ADVANCE,11,1641.1803884299545,18.704074816299265,False,False
BR-06,303,8,13,8,13,3.0,0.0,1,0,0.019600032828748226,True,ADVANCE,8,1011.7436284570214,18.770875083500336,False,False
BR-06,304,8,12,8,12,0.0,-3.0,0,-1,0.02139998832717538,True,ADVANCE,6,1000.0,18.837675350701403,False,False
BR-06,305,9,12,9,12,3.0,0.0,1,0,0.019899976905435324,True,ADVANCE,16,1819.0530418055423,18.90447561790247,False,False
BR-06,306,9,11,9,11,0.0,-3.0,0,-1,0.019199971575289965,True,ADVANCE,10,1441.9177913467624,18.97127588510354,False,False
BR-06,307,10,11,10,11,3.0,0.0,1,0,0.020200037397444248,True,ADVANCE,11,1028.5655007845503,19.03807615230461,False,False
BR-06,308,10,10,10,10,0.0,-3.0,0,-1,0.019400031305849552,True,ADVANCE,8,1000.0,19.10487641950568,False,False
BR-06,309,10,11,10,12,0.0,6.0,0,1,0.01999997766688466,True,ADVANCE,8,1129.9303907247136,19.10487641950568,False,False
BR-06,310,10,12,10,12,0.0,3.0,0,1,0.026100024115294218,True,ADVANCE,6,1011.7436284570214,19.171676686706746,False,False
BR-06,311,10,13,10,13,0.0,3.0,0,1,0.021199986804276705,True,ADVANCE,8,1000.0,19.238476953907817,False,False
BR-06,312,9,13,9,13,-3.0,0.0,-1,0,0.02169999061152339,True,ADVANCE,10,1641.1803884299545,19.305277221108884,False,False
BR-06,313,9,14,9,14,0.0,3.0,0,1,0.020899984519928694,True,ADVANCE,17,1619.7904447223502,19.37207748830995,False,False
BR-06,314,9,14,8,14,-3.0,0.0,0,0,0.026899971999228,False,WAIT,11,1930.6677936415217,19.37207748830995,True,True
BR-06,315,8,14,8,14,-3.0,0.0,-1,0,0.019900035113096237,True,ADVANCE,6,1000.0,19.438877755511022,False,False
BR-06,316,8,15,8,16,0.0,6.0,0,1,0.019199971575289965,True,ADVANCE,11,1011.7436284570214,19.505678022712093,False,False
BR-06,317,8,16,8,16,0.0,3.0,0,1,0.02050003968179226,True,ADVANCE,9,1034.6170933682602,19.57247828991316,False,False
BR-06,318,8,17,8,17,0.0,3.0,0,1,0.021299987565726042,True,ADVANCE,7,1028.5655007845503,19.639278557114228,False,False
BR-06,319,7,17,7,17,-3.0,0.0,-1,0,0.03379996633157134,True,ADVANCE,12,1282.360776859909,19.7060788243153,False,False
BR-06,320,7,18,7,18,0.0,3.0,0,1,0.054100004490464926,True,ADVANCE,11,1282.360776859909,19.772879091516366,False,False
BR-06,321,7,19,7,19,0.0,3.0,0,1,0.02729997504502535,True,ADVANCE,9,1028.5655007845503,19.839679358717436,False,False
BR-06,322,7,20,7,20,0.0,3.0,0,1,0.026200024876743555,True,ADVANCE,6,1000.0,19.906479625918504,False,False
BR-06,323,7,21,7,21,0.0,3.0,0,1,0.02500001573935151,True,ADVANCE,3,1000.0,19.97327989311957,False,False
BR-06,324,7,22,7,22,0.0,3.0,0,1,0.022799998987466097,True,ADVANCE,5,1000.0,20.04008016032064,False,False
BR-06,325,7,23,7,23,0.0,3.0,0,1,0.021599989850074053,True,ADVANCE,10,1664.0538533411934,20.10688042752171,False,False
BR-06,326,6,23,6,23,-3.0,0.0,-1,0,0.020899984519928694,True,ADVANCE,10,1441.9177913467624,20.17368069472278,False,False
BR-06,327,5,23,5,23,-3.0,0.0,-1,0,0.019400031305849552,True,ADVANCE,4,1000.0,20.240480961923847,False,False
BR-06,328,5,24,5,24,0.0,3.0,0,1,0.020899984519928694,True,ADVANCE,6,2011.7436284570213,20.307281229124914,False,False
BR-06,329,5,25,5,25,0.0,3.0,0,1,0.01969997538253665,True,ADVANCE,10,1601.474805833616,20.374081496325985,False,False
BR-06,330,5,26,5,26,0.0,3.0,0,1,0.0192999723367393,True,ADVANCE,14,1601.474805833616,20.440881763527056,False,False
BR-06,331,4,26,4,26,-3.0,0.0,-1,0,0.02010003663599491,True,ADVANCE,5,1000.0,20.507682030728123,False,False
BR-06,332,4,27,4,27,0.0,3.0,0,1,0.02099998528137803,True,ADVANCE,9,1000.0,20.57448229792919,False,False
BR-06,333,4,28,4,28,0.0,3.0,0,1,0.019000028260052204,True,ADVANCE,6,1000.0,20.64128256513026,False,False
BR-06,334,4,29,4,29,0.0,3.0,0,1,0.019900035113096237,True,ADVANCE,10,1441.9177913467624,20.70808283233133,False,False
BR-06,335,4,30,4,30,0.0,3.0,0,1,0.02099998528137803,True,ADVANCE,12,1441.9177913467624,20.7748830995324,False,False
BR-06,336,4,30,4,31,0.0,3.0,0,0,0.043700041715055704,False,WAIT,11,1129.9303907247136,20.7748830995324,True,True
BR-06,337,4,31,4,31,0.0,3.0,0,1,0.01999997766688466,True,ADVANCE,8,1211.8496934239954,20.841683366733466,False,False
BR-06,338,3,31,3,31,-3.0,0.0,-1,0,0.02039998071268201,True,ADVANCE,9,1028.5655007845503,20.908483633934534,False,False
BR-06,339,3,32,3,32,0.0,3.0,0,1,0.019300030544400215,True,ADVANCE,8,1129.9303907247136,20.975283901135604,False,False
BR-06,340,2,32,2,32,-3.0,0.0,-1,0,0.02050003968179226,True,ADVANCE,10,1282.360776859909,21.04208416833667,False,False
BR-06,341,2,33,2,33,0.0,3.0,0,1,0.019400031305849552,True,ADVANCE,5,1000.0,21.108884435537743,False,False
BR-06,342,2,34,2,34,0.0,3.0,0,1,0.020099978428333998,True,ADVANCE,15,1441.9177913467624,21.175684702738813,False,False
BR-06,343,2,35,2,35,0.0,3.0,0,1,0.019200029782950878,True,ADVANCE,6,1129.9303907247136,21.24248496993988,False,False
BR-06,344,2,36,2,36,0.0,3.0,0,1,0.01899997005239129,True,ADVANCE,13,1129.9303907247136,21.309285237140948,False,False
BR-06,345,2,37,2,37,0.0,3.0,0,1,0.021099986042827368,True,ADVANCE,11,1055.6379982778428,21.37608550434202,False,False
BR-06,346,3,37,3,37,3.0,0.0,1,0,0.01939997309818864,True,ADVANCE,5,1000.0,21.442885771543086,False,False
BR-06,347,3,36,3,36,0.0,-3.0,0,-1,0.020199979189783335,True,ADVANCE,10,1011.7436284570214,21.509686038744157,False,False
BR-06,348,3,35,3,35,0.0,-3.0,0,-1,0.02069998299703002,True,ADVANCE,12,1141.6740191817348,21.576486305945224,False,False
BR-06,349,3,34,3,34,0.0,-3.0,0,-1,0.024300010409206152,True,ADVANCE,8,1011.7436284570214,21.64328657314629,False,False
BR-06,350,3,33,3,33,0.0,-3.0,0,-1,0.019899976905435324,True,ADVANCE,6,1000.0,21.710086840347362,False,False
BR-06,351,4,33,4,33,3.0,0.0,1,0,0.019200029782950878,True,ADVANCE,8,1055.6379982778428,21.77688710754843,False,False
BR-06,352,4,34,4,34,0.0,3.0,0,1,0.01939997309818864,True,ADVANCE,5,1000.0,21.8436873747495,False,False
BR-06,353,4,35,4,35,0.0,3.0,0,1,0.019700033590197563,True,ADVANCE,11,1441.9177913467624,21.910487641950567,False,False
BR-06,354,4,36,4,36,0.0,3.0,0,1,0.020199979189783335,True,ADVANCE,12,1320.2177166458912,21.977287909151634,False,False
BR-06,355,4,37,4,37,0.0,3.0,0,1,0.01969997538253665,True,ADVANCE,9,1000.0,22.044088176352705,False,False
BR-06,356,4,38,4,38,0.0,3.0,0,1,0.020799983758479357,True,ADVANCE,6,1055.6379982778428,22.110888443553776,False,False
BR-06,357,3,38,3,38,-3.0,0.0,-1,0,0.019400031305849552,True,ADVANCE,14,1282.360776859909,22.177688710754843,False,False
BR-06,358,3,39,3,39,0.0,3.0,0,1,0.019400031305849552,True,ADVANCE,7,1000.0,22.24448897795591,False,False
BR-06,359,2,39,2,39,-3.0,0.0,-1,0,0.019300030544400215,True,ADVANCE,7,1000.0,22.31128924515698,False,False
BR-06,360,1,39,1,39,-3.0,0.0,-1,0,0.020599982235580683,True,ADVANCE,14,1856.3754011946507,22.37808951235805,False,False
BR-06,361,0,39,0,39,-3.0,0.0,-1,0,0.020199979189783335,True,ADVANCE,9,1282.360776859909,22.44488977955912,False,False
BR-06,362,0,38,0,38,0.0,-3.0,0,-1,0.01799996243789792,True,ADVANCE,9,1641.1803884299545,22.511690046760187,False,False
BR-06,363,1,38,1,38,3.0,0.0,1,0,0.0192999723367393,True,ADVANCE,10,1211.8496934239954,22.578490313961254,False,False
BR-06,364,1,39,1,40,0.0,6.0,0,1,0.027300033252686262,True,ADVANCE,3,1641.1803884299545,22.578490313961254,False,False
BR-06,365,1,40,1,40,0.0,3.0,0,1,0.022099993657320738,True,ADVANCE,8,1000.0,22.645290581162325,False,False
BR-06,366,0,40,0,40,-3.0,0.0,-1,0,0.019599974621087313,True,ADVANCE,10,1441.9177913467624,22.712090848363392,False,False
BR-06,367,0,41,0,41,0.0,3.0,0,1,0.019700033590197563,True,ADVANCE,10,1000.0,22.778891115564463,False,False
BR-06,368,0,42,0,42,0.0,3.0,0,1,0.01880002673715353,True,ADVANCE,14,1641.1803884299545,22.84569138276553,False,False
BR-06,369,0,43,0,43,0.0,3.0,0,1,0.018000020645558834,True,ADVANCE,6,1800.7374029168082,22.912491649966597,False,False
BR-06,370,0,44,0,44,0.0,3.0,0,1,0.01880002673715353,True,ADVANCE,9,1601.474805833616,22.979291917167668,False,False
BR-06,371,0,45,0,45,0.0,3.0,0,1,0.017700018361210823,True,ADVANCE,3,1000.0,23.04609218436874,False,False
BR-06,372,1,45,0,46,0.0,3.0,1,0,0.027600035537034273,True,ADVANCE,9,1018.3156388887342,23.112892451569806,False,True
BR-06,373,1,44,1,44,0.0,-3.0,0,-1,0.020299979951232672,True,ADVANCE,9,1441.9177913467624,23.179692718770877,False,False
BR-06,374,1,43,1,43,0.0,-3.0,0,-1,0.019799976143985987,True,ADVANCE,11,1028.5655007845503,23.246492985971944,False,False
BR-06,375,1,42,1,42,0.0,-3.0,0,-1,0.018899969290941954,True,ADVANCE,8,1022.8734649112389,23.31329325317301,False,False
BR-06,376,1,41,1,41,0.0,-3.0,0,-1,0.018600025214254856,True,ADVANCE,7,1641.1803884299545,23.380093520374082,False,False
BR-06,377,2,41,2,41,3.0,0.0,1,0,0.01869996776804328,True,ADVANCE,5,1601.474805833616,23.446893787575153,False,False
BR-06,378,2,40,2,40,0.0,-3.0,0,-1,0.021400046534836292,True,ADVANCE,7,1000.0,23.51369405477622,False,False
BR-06,379,3,40,3,40,3.0,0.0,1,0,0.01999997766688466,True,ADVANCE,9,1453.661419803784,23.580494321977287,False,False
BR-06,380,3,41,3,41,0.0,3.0,0,1,0.022599997464567423,True,ADVANCE,13,1282.360776859909,23.647294589178355,False,False
BR-06,381,3,42,3,42,0.0,3.0,0,1,0.020899984519928694,True,ADVANCE,13,2000.0,23.714094856379425,False,False
BR-06,382,2,42,2,42,-3.0,0.0,-1,0,0.028099981136620045,True,ADVANCE,12,1800.7374029168082,23.780895123580496,False,False
BR-06,383,2,43,2,43,0.0,3.0,0,1,0.019400031305849552,True,ADVANCE,8,1282.360776859909,23.847695390781563,False,False
BR-06,384,2,44,2,44,0.0,3.0,0,1,0.019899976905435324,True,ADVANCE,6,1055.6379982778428,23.91449565798263,False,False
BR-06,385,2,45,2,45,0.0,3.0,0,1,0.02050003968179226,True,ADVANCE,6,1000.0,23.9812959251837,False,False
BR-06,386,2,46,2,46,0.0,3.0,0,1,0.01910002902150154,True,ADVANCE,8,1000.0,24.04809619238477,False,False
BR-06,387,2,47,2,47,0.0,3.0,0,1,0.019199971575289965,True,ADVANCE,6,1000.0,24.11489645958584,False,False
BR-06,388,1,47,1,47,-3.0,0.0,-1,0,0.01899997005239129,True,ADVANCE,11,1601.474805833616,24.181696726786907,False,False
BR-06,389,1,48,1,48,0.0,3.0,0,1,0.019499973859637976,True,ADVANCE,9,1000.0,24.248496993987974,False,False
BR-06,390,1,49,1,49,0.0,3.0,0,1,0.018899969290941954,True,ADVANCE,6,1022.8734649112389,24.315297261189045,False,False
BR-06,391,0,49,0,49,-3.0,0.0,-1,0,0.021299987565726042,True,ADVANCE,8,1152.8038556359525,24.382097528390116,False,False
BR-06,392,0,50,0,50,0.0,3.0,0,1,0.021199986804276705,True,ADVANCE,11,1441.9177913467624,24.448897795591183,False,False
BR-06,393,0,51,0,51,0.0,3.0,0,1,0.047900015488266945,True,ADVANCE,10,1441.9177913467624,24.51569806279225,False,False
BR-06,394,0,52,0,52,0.0,3.0,0,1,0.02440001117065549,True,ADVANCE,3,1000.0,24.582498329993317,False,False
BR-06,395,0,53,0,53,0.0,3.0,0,1,0.020899984519928694,True,ADVANCE,9,1441.9177913467624,24.649298597194388,False,False
BR-06,396,0,54,0,54,0.0,3.0,0,1,0.032100011594593525,True,ADVANCE,11,1022.8734649112389,24.71609886439546,False,False
BR-06,397,1,54,0,55,0.0,3.0,1,0,0.042199972085654736,True,ADVANCE,12,1055.6379982778428,24.782899131596526,False,True
BR-06,398,1,53,1,53,0.0,-3.0,0,-1,0.02570002106949687,True,ADVANCE,8,1129.9303907247136,24.849699398797593,False,False
BR-06,399,2,53,1,52,0.0,-3.0,1,0,0.03289995947852731,True,ADVANCE,9,1000.0,24.916499665998664,False,True
BR-06,400,2,52,2,52,0.0,-3.0,0,-1,0.023600005079060793,True,ADVANCE,10,1000.0,24.98329993319973,False,False
CN-01,1,0,1,0,1,0.0,6.0,0,1,0.03549997927621007,True,ADVANCE,40,2041.1525971253539,0.110803324099723,False,False
CN-01,2,0,2,0,2,0.0,6.0,0,1,0.04529999569058418,True,ADVANCE,48,2147.4038400853133,0.16620498614958448,True,False
CN-01,3,0,2,0,3,0.0,6.0,0,0,0.027600035537034273,False,WAIT,35,2000.0,0.16620498614958448,True,True
CN-01,4,0,3,0,3,0.0,6.0,0,1,0.016900012269616127,True,ADVANCE,40,1844.8107972042808,0.221606648199446,False,False
CN-01,5,0,4,0,4,0.0,6.0,0,1,0.015400000847876072,True,ADVANCE,29,1930.6677936415217,0.2770083102493075,False,False
CN-01,6,0,5,0,5,0.0,6.0,0,1,0.015099998563528061,True,ADVANCE,34,2000.0,0.33240997229916897,False,False
CN-01,7,0,4,0,6,0.0,6.0,0,-1,0.02659996971487999,True,ADVANCE,27,1601.474805833616,0.33240997229916897,True,True
CN-01,8,0,3,1,4,6.0,0.0,0,-1,0.029499991796910763,True,ADVANCE,38,3012.5870963408033,0.33240997229916897,True,True
CN-01,9,1,3,1,3,6.0,0.0,1,0,0.029499991796910763,True,ADVANCE,41,1909.105426138704,0.3878116343490305,False,False
CN-01,10,1,2,1,2,0.0,-6.0,0,-1,0.022599997464567423,True,ADVANCE,43,2040.3469142718386,0.443213296398892,False,False
CN-01,11,1,1,1,1,0.0,-6.0,0,-1,0.023200002033263445,True,ADVANCE,36,2271.220695048121,0.4986149584487534,False,False
CN-01,12,1,0,1,0,0.0,-6.0,0,-1,0.03659998765215278,True,ADVANCE,29,3042.044330841377,0.554016620498615,False,False
CN-01,13,2,0,2,0,6.0,0.0,1,0,0.0295999925583601,True,ADVANCE,31,1800.7374029168082,0.6094182825484765,False,False
CN-01,14,2,1,2,1,0.0,6.0,0,1,0.020599982235580683,True,ADVANCE,25,1441.9177913467624,0.6648199445983379,False,False
CN-01,15,2,2,2,2,0.0,6.0,0,1,0.0219999928958714,True,ADVANCE,36,2731.40519655833,0.7202216066481995,False,False
CN-01,16,2,3,2,3,0.0,6.0,0,1,0.01669995253905654,True,ADVANCE,33,2160.660702159038,0.775623268698061,False,False
CN-01,17,2,4,2,4,0.0,6.0,0,1,0.0377000542357564,True,ADVANCE,33,2158.495891509264,0.8310249307479225,False,False
CN-01,18,3,4,1,4,-6.0,0.0,1,0,0.026999972760677338,True,ADVANCE,42,2441.9177913467624,0.886426592797784,False,True
CN-01,19,3,3,3,3,0.0,-6.0,0,-1,0.01610000617802143,True,ADVANCE,28,2610.931106752829,0.9418282548476453,False,False
CN-01,20,3,2,3,2,0.0,-6.0,0,-1,0.0149000552482903,True,ADVANCE,41,2265.5286591748095,0.9972299168975068,False,False
CN-01,21,3,1,3,1,0.0,-6.0,0,-1,0.015400000847876072,True,ADVANCE,25,2953.54125855276,1.0526315789473684,False,False
CN-01,22,3,0,3,0,0.0,-6.0,0,-1,0.025800021830946207,True,ADVANCE,36,2464.528271044518,1.10803324099723,False,False
CN-01,23,4,0,4,0,6.0,0.0,1,0,0.019599974621087313,True,ADVANCE,34,2069.7661282977415,1.1634349030470914,False,False
CN-01,24,4,1,4,1,0.0,6.0,0,1,0.023200002033263445,True,ADVANCE,30,1464.7912562580013,1.218836565096953,False,False
CN-01,25,4,2,4,2,0.0,6.0,0,1,0.015900004655122757,True,ADVANCE,24,1879.2488661058899,1.2742382271468145,False,False
CN-01,26,4,3,4,3,0.0,6.0,0,1,0.01479999627918005,True,ADVANCE,29,1641.1803884299545,1.3296398891966759,False,False
CN-01,27,4,4,4,4,0.0,6.0,0,1,0.017200014553964138,True,ADVANCE,41,2747.1520331179104,1.3850415512465373,False,False
CN-01,28,4,5,4,5,0.0,6.0,0,1,0.014699995517730713,True,ADVANCE,35,2595.5687134721093,1.440443213296399,False,False
CN-01,29,3,5,3,5,-6.0,0.0,-1,0,0.014499993994832039,True,ADVANCE,26,1216.7360464437916,1.4958448753462603,False,False
CN-01,30,2,5,2,5,-6.0,0.0,-1,0,0.014299992471933365,True,ADVANCE,42,2022.873464911239,1.551246537396122,False,False
CN-01,31,2,6,2,6,0.0,6.0,0,1,0.014999997802078724,True,ADVANCE,27,2000.0,1.6066481994459834,False,False
CN-01,32,3,6,1,6,-6.0,0.0,1,0,0.02340000355616212,True,ADVANCE,30,1601.474805833616,1.662049861495845,True,True
CN-01,33,3,7,3,7,0.0,6.0,0,1,0.023300002794712782,True,ADVANCE,21,1211.8496934239954,1.7174515235457064,False,False
CN-01,34,2,7,2,7,-6.0,0.0,-1,0,0.01999997766688466,True,ADVANCE,37,2000.0,1.772853185595568,False,False
CN-01,35,1,7,1,7,-6.0,0.0,-1,0,0.014999997802078724,True,ADVANCE,35,1749.5484116518503,1.8282548476454294,False,False
CN-01,36,0,7,0,7,-6.0,0.0,-1,0,0.013899989426136017,True,ADVANCE,32,2080.0044664803395,1.8836565096952906,False,False
CN-01,37,0,6,0,6,0.0,-6.0,0,-1,0.03530003596097231,True,ADVANCE,37,1875.9035467651888,1.9390581717451523,False,False
CN-01,38,1,6,1,6,6.0,0.0,1,0,0.016600009985268116,True,ADVANCE,32,2169.013315406066,1.9944598337950137,False,False
CN-01,39,1,7,1,4,0.0,-10.0,0,1,0.05420000525191426,True,ADVANCE,40,2134.3793977375985,1.9944598337950137,False,True
CN-01,40,1,8,1,8,0.0,6.0,0,1,0.016600009985268116,True,ADVANCE,38,1993.2468411490988,2.0498614958448753,False,False
CN-01,41,0,8,0,8,-6.0,0.0,-1,0,0.015400000847876072,True,ADVANCE,32,2191.466202998613,2.1052631578947367,False,False
CN-01,42,0,9,0,9,0.0,6.0,0,1,0.015600002370774746,True,ADVANCE,36,1936.0726861534208,2.160664819944598,False,False
CN-01,43,0,10,0,10,0.0,6.0,0,1,0.026399968191981316,True,ADVANCE,34,2211.8496934239956,2.21606648199446,False,False
CN-01,44,0,11,0,11,0.0,6.0,0,1,0.017700018361210823,True,ADVANCE,37,2641.1803884299543,2.2714681440443214,False,False
CN-01,45,0,11,0,12,0.0,6.0,0,0,0.01969997538253665,False,WAIT,35,2187.627962173755,2.2714681440443214,True,True
CN-01,46,1,11,0,12,0.0,6.0,1,0,0.0591999851167202,True,ADVANCE,40,1930.6677936415217,2.326869806094183,False,True
CN-01,47,1,10,1,10,0.0,-6.0,0,-1,0.01680001150816679,True,ADVANCE,24,1211.8496934239954,2.3822714681440442,False,False
CN-01,48,1,9,1,9,0.0,-6.0,0,-1,0.015500001609325409,True,ADVANCE,33,1800.7374029168082,2.437673130193906,False,False
CN-01,49,2,9,2,9,6.0,0.0,1,0,0.015300000086426735,True,ADVANCE,32,2129.9303907247136,2.4930747922437675,False,False
CN-01,50,2,8,2,8,0.0,-6.0,0,-1,0.015199999324977398,True,ADVANCE,34,2181.6004117468697,2.548476454293629,False,False
CN-01,51,2,8,3,8,6.0,0.0,0,0,0.018000020645558834,False,WAIT,31,1800.7374029168082,2.548476454293629,True,True
CN-01,52,3,8,3,8,6.0,0.0,1,0,0.015300000086426735,True,ADVANCE,31,2138.7361780545602,2.6038781163434903,False,False
CN-01,53,3,9,3,9,0.0,6.0,0,1,0.02589996438473463,True,ADVANCE,35,1871.345720742684,2.6592797783933517,False,False
CN-01,54,3,9,3,10,0.0,6.0,0,0,0.020199979189783335,False,WAIT,33,2464.528271044518,2.6592797783933517,True,True
CN-01,55,4,9,3,10,0.0,6.0,1,0,0.02269999822601676,True,ADVANCE,35,2941.8568041785975,2.714681440443213,False,True
CN-01,56,4,8,4,8,0.0,-6.0,0,-1,0.034400029107928276,True,ADVANCE,26,1969.750718322874,2.7700831024930745,False,False
CN-01,57,4,7,4,7,0.0,-6.0,0,-1,0.030700000934302807,True,ADVANCE,24,1658.385975615811,2.8254847645429364,False,False
CN-01,58,4,6,4,6,0.0,-6.0,0,-1,0.016300007700920105,True,ADVANCE,32,1749.5484116518503,2.880886426592798,False,False
CN-01,59,5,6,5,6,6.0,0.0,1,0,0.017900019884109497,True,ADVANCE,35,2211.8496934239956,2.936288088642659,False,False
CN-01,60,5,5,5,5,0.0,-6.0,0,-1,0.015199999324977398,True,ADVANCE,34,2403.1466249744826,2.9916897506925206,False,False
CN-01,61,5,4,5,4,0.0,-6.0,0,-1,0.01479999627918005,True,ADVANCE,32,1853.03008185395,3.0470914127423825,False,False
CN-01,62,6,4,6,4,6.0,0.0,1,0,0.014700053725391626,True,ADVANCE,40,2774.9371282525676,3.102493074792244,False,False
CN-01,63,6,5,6,3,0.0,-6.0,0,1,0.0363999861292541,True,ADVANCE,42,2242.6551942635706,3.1578947368421053,False,True
CN-01,64,6,6,6,6,0.0,6.0,0,1,0.03270001616328955,True,ADVANCE,32,2191.466202998613,3.2132963988919667,False,False
CN-01,65,6,7,6,7,0.0,6.0,0,1,0.015900004655122757,True,ADVANCE,25,1470.483292131313,3.2686980609418286,False,False
CN-01,66,5,7,5,7,-6.0,0.0,-1,0,0.014999997802078724,True,ADVANCE,26,1459.123378532619,3.32409972299169,False,False
CN-01,67,5,8,5,8,0.0,6.0,0,1,0.015300000086426735,True,ADVANCE,45,3282.3607768599086,3.3795013850415514,False,False
CN-01,68,6,8,5,9,0.0,6.0,1,0,0.02269999822601676,True,ADVANCE,34,1641.1803884299545,3.434903047091413,True,True
CN-01,69,6,9,6,9,0.0,6.0,0,1,0.015199999324977398,True,ADVANCE,32,2030.902735229538,3.4903047091412747,False,False
CN-01,70,5,9,5,9,-6.0,0.0,-1,0,0.01409999094903469,True,ADVANCE,26,1709.8428290555119,3.545706371191136,False,False
CN-01,71,5,10,5,10,0.0,6.0,0,1,0.015199999324977398,True,ADVANCE,30,1664.6573999864268,3.6011080332409975,False,False
CN-01,72,4,10,4,10,-6.0,0.0,-1,0,0.013999990187585354,True,ADVANCE,35,2696.8183867077973,3.656509695290859,False,False
CN-01,73,3,10,3,10,-6.0,0.0,-1,0,0.014300050679594278,True,ADVANCE,21,1749.5484116518503,3.71191135734072,False,False
CN-01,74,2,10,2,10,-6.0,0.0,-1,0,0.09359995601698756,True,ADVANCE,46,2562.242610608135,3.7673130193905813,False,False
CN-01,75,2,11,2,11,0.0,6.0,0,1,0.032100011594593525,True,ADVANCE,30,2147.078911693634,3.822714681440443,False,False
CN-01,76,2,12,2,12,0.0,6.0,0,1,0.0171000137925148,True,ADVANCE,31,1657.112804111459,3.8781163434903045,False,False
CN-01,77,1,12,1,12,-6.0,0.0,-1,0,0.01580000389367342,True,ADVANCE,40,2823.610867828047,3.933518005540166,False,False
CN-01,78,1,12,0,12,-6.0,0.0,0,0,0.020900042727589607,False,WAIT,39,3008.7865351862915,3.933518005540166,True,True
CN-01,79,0,12,0,12,-6.0,0.0,-1,0,0.016600009985268116,True,ADVANCE,33,1819.0530418055423,3.9889196675900274,False,False
CN-01,80,0,13,0,13,0.0,6.0,0,1,0.0173999578692019,True,ADVANCE,34,1800.7374029168082,4.044321329639889,False,False
CN-01,81,0,14,0,14,0.0,6.0,0,1,0.015199999324977398,True,ADVANCE,32,2026.011374515703,4.099722991689751,False,False
CN-01,82,0,15,0,15,0.0,6.0,0,1,0.015300000086426735,True,ADVANCE,23,1936.0726861534208,4.1551246537396125,False,False
CN-01,83,0,16,0,16,0.0,6.0,0,1,0.06710004527121782,True,ADVANCE,40,2277.0093024183475,4.2105263157894735,False,False
CN-01,84,0,17,0,17,0.0,6.0,0,1,0.023800006601959467,True,ADVANCE,41,2129.9303907247136,4.265927977839335,False,False
CN-01,85,0,18,0,18,0.0,6.0,0,1,0.015300000086426735,True,ADVANCE,40,2271.6044099064484,4.321329639889196,False,False
CN-01,86,0,19,0,19,0.0,6.0,0,1,0.014899997040629387,True,ADVANCE,30,2129.9303907247136,4.376731301939058,False,False
CN-01,87,0,18,1,19,6.0,0.0,0,-1,0.030199997127056122,True,ADVANCE,31,2819.0530418055423,4.376731301939058,True,True
CN-01,88,1,18,1,18,6.0,0.0,1,0,0.015099998563528061,True,ADVANCE,40,2240.415194208546,4.43213296398892,False,False
CN-01,89,1,19,1,19,0.0,6.0,0,1,0.019000028260052204,True,ADVANCE,42,2264.4777815547905,4.487534626038781,False,False
CN-01,90,1,20,1,20,0.0,6.0,0,1,0.015200057532638311,True,ADVANCE,32,1812.4810313738294,4.542936288088643,False,False
CN-01,91,1,21,1,21,0.0,6.0,0,1,0.015199999324977398,True,ADVANCE,26,1782.8544076116893,4.598337950138505,False,False
CN-01,92,0,21,0,21,-6.0,0.0,-1,0,0.01650000922381878,True,ADVANCE,36,2389.7341059572045,4.653739612188366,False,False
CN-01,93,0,22,0,22,0.0,6.0,0,1,0.023200002033263445,True,ADVANCE,39,2260.9708331523047,4.7091412742382275,False,False
CN-01,94,0,23,0,23,0.0,6.0,0,1,0.019099970813840628,True,ADVANCE,30,2375.855714923734,4.7645429362880884,False,False
CN-01,95,0,24,0,24,0.0,6.0,0,1,0.016400008462369442,True,ADVANCE,36,2141.674019181735,4.81994459833795,True,False
CN-01,96,0,25,0,25,0.0,6.0,0,1,0.0173999578692019,True,ADVANCE,35,2261.785670860652,4.875346260387812,False,False
CN-01,97,0,26,0,26,0.0,6.0,0,1,0.018300022929906845,True,ADVANCE,34,1909.105426138704,4.930747922437673,False,False
CN-01,98,0,27,0,27,0.0,6.0,0,1,0.014699995517730713,True,ADVANCE,34,2182.2230696618553,4.986149584487535,False,False
CN-01,99,0,28,0,28,0.0,6.0,0,1,0.013699987903237343,True,ADVANCE,29,1800.7374029168082,5.041551246537397,False,False
