scenario,frame,robot_r,robot_c,goal_r,goal_c,force_r,force_c,dr,dc,time_ms,success,action,pedestrians_count,max_occupancy,coverage
BR-06,1,0,1,0,1,0.0,1.0,0,1,0.5378000205382705,True,ADVANCE,11,1441.9177913467624,0.13360053440213762
BR-06,2,0,2,0,2,0.0,1.0,0,1,0.0315000070258975,True,ADVANCE,14,1441.9177913467624,0.2004008016032064
BR-06,3,0,3,0,3,0.0,1.0,0,1,0.021799991372972727,True,ADVANCE,9,1601.474805833616,0.26720106880427524
BR-06,4,0,4,0,4,0.0,1.0,0,1,0.026200024876743555,True,ADVANCE,13,1282.360776859909,0.33400133600534404
BR-06,5,0,3,0,5,0.0,10.0,0,-1,0.05730002885684371,True,ADVANCE,11,1129.9303907247136,0.33400133600534404
BR-06,6,0,4,1,3,0.46830848979028983,-9.989028339052318,0,1,0.04569999873638153,True,ADVANCE,8,1022.8734649112389,0.33400133600534404
BR-06,7,0,5,0,5,0.0,1.0,0,1,0.02050003968179226,True,ADVANCE,3,1000.0,0.4008016032064128
BR-06,8,0,6,0,6,0.0,1.0,0,1,0.020299979951232672,True,ADVANCE,10,1000.0,0.46760187040748163
BR-06,9,0,7,0,7,0.0,1.0,0,1,0.01810002140700817,True,ADVANCE,9,1055.6379982778428,0.5344021376085505
BR-06,10,0,8,0,8,0.0,1.0,0,1,0.019400031305849552,True,ADVANCE,10,2000.0,0.6012024048096193
BR-06,11,0,8,0,9,9.999820004859853,0.05999892002915911,0,0,0.03860000288113952,False,WAIT,4,1000.0,0.6012024048096193
BR-06,12,0,9,0,9,0.0,1.0,0,1,0.02139998832717538,True,ADVANCE,9,1055.6379982778428,0.6680026720106881
BR-06,13,0,10,0,10,0.0,1.0,0,1,0.018200022168457508,True,ADVANCE,3,1000.0,0.7348029392117569
BR-06,14,0,10,0,11,7.091437707408559,-7.050639066208397,0,0,0.04469999112188816,False,WAIT,8,1022.8734649112389,0.7348029392117569
BR-06,15,0,11,0,11,0.0,1.0,0,1,0.018300022929906845,True,ADVANCE,10,1022.8734649112389,0.8016032064128256
BR-06,16,0,12,0,12,0.0,1.0,0,1,0.018199963960796595,True,ADVANCE,5,1000.0,0.8684034736138945
BR-06,17,0,13,0,13,0.0,1.0,0,1,0.017900019884109497,True,ADVANCE,9,1441.9177913467624,0.9352037408149633
BR-06,18,0,14,0,14,0.0,1.0,0,1,0.01869996776804328,True,ADVANCE,9,1000.0,1.002004008016032
BR-06,19,0,15,0,15,0.0,1.0,0,1,0.01769996015354991,True,ADVANCE,4,1000.0,1.068804275217101
BR-06,20,0,16,0,16,0.0,1.0,0,1,0.01769996015354991,True,ADVANCE,9,1040.3091292415716,1.1356045424181698
BR-06,21,0,17,0,17,0.0,1.0,0,1,0.017900019884109497,True,ADVANCE,5,1000.0,1.2024048096192386
BR-06,22,0,18,0,18,0.0,1.0,0,1,0.020299979951232672,True,ADVANCE,10,1641.1803884299545,1.2692050768203071
BR-06,23,0,19,0,19,0.0,1.0,0,1,0.019900035113096237,True,ADVANCE,9,2411.1122905071875,1.3360053440213762
BR-06,24,0,20,0,20,0.0,1.0,0,1,0.018600025214254856,True,ADVANCE,6,1000.0,1.402805611222445
BR-06,25,0,21,0,21,0.0,1.0,0,1,0.026699970476329327,True,ADVANCE,7,1000.0,1.4696058784235138
BR-06,26,0,22,0,22,0.0,1.0,0,1,0.017700018361210823,True,ADVANCE,7,1028.5655007845503,1.5364061456245823
BR-06,27,0,23,0,23,0.0,1.0,0,1,0.019400031305849552,True,ADVANCE,11,2242.6551942635706,1.6032064128256511
BR-06,28,0,24,0,24,0.0,1.0,0,1,0.017400016076862812,True,ADVANCE,6,1011.7436284570214,1.6700066800267204
BR-06,29,0,25,0,25,0.0,1.0,0,1,0.019099970813840628,True,ADVANCE,5,1000.0,1.736806947227789
BR-06,30,0,26,0,26,0.0,1.0,0,1,0.017700018361210823,True,ADVANCE,7,1000.0,1.8036072144288577
BR-06,31,0,27,0,27,0.0,1.0,0,1,0.017700018361210823,True,ADVANCE,5,1000.0,1.8704074816299265
BR-06,32,0,28,0,28,0.0,1.0,0,1,0.021000043489038944,True,ADVANCE,9,1000.0,1.9372077488309953
BR-06,33,0,29,0,29,0.0,1.0,0,1,0.021000043489038944,True,ADVANCE,8,1000.0,2.004008016032064
BR-06,34,0,30,0,30,0.0,1.0,0,1,0.018000020645558834,True,ADVANCE,10,1000.0,2.070808283233133
BR-06,35,0,31,0,31,0.0,1.0,0,1,0.01950003206729889,True,ADVANCE,8,1282.360776859909,2.137608550434202
BR-06,36,0,32,0,32,0.0,1.0,0,1,0.017600017599761486,True,ADVANCE,7,1000.0,2.2044088176352705
BR-06,37,0,33,0,33,0.0,1.0,0,1,0.01839996548369527,True,ADVANCE,11,1601.474805833616,2.2712090848363395
BR-06,38,0,34,0,34,0.0,1.0,0,1,0.017899961676448584,True,ADVANCE,8,1000.0,2.338009352037408
BR-06,39,0,35,0,35,0.0,1.0,0,1,0.017200014553964138,True,ADVANCE,8,1011.7436284570214,2.404809619238477
BR-06,40,0,36,0,36,0.0,1.0,0,1,0.01810002140700817,True,ADVANCE,11,1800.7374029168082,2.4716098864395457
BR-06,41,0,37,0,37,6.594763128582525,7.517253439780279,0,1,0.031100003980100155,True,ADVANCE,7,1000.0,2.5384101536406143
BR-06,42,0,38,0,38,0.0,1.0,0,1,0.017900019884109497,True,ADVANCE,10,1641.1803884299545,2.6052104208416833
BR-06,43,0,39,0,39,0.0,1.0,0,1,0.02389994915574789,True,ADVANCE,8,1601.474805833616,2.6720106880427523
BR-06,44,0,40,0,40,0.0,1.0,0,1,0.0173999578692019,True,ADVANCE,5,1441.9177913467624,2.738810955243821
BR-06,45,0,41,0,41,0.0,1.0,0,1,0.017200014553964138,True,ADVANCE,7,1000.0,2.80561122244489
BR-06,46,0,42,0,42,0.0,1.0,0,1,0.0171000137925148,True,ADVANCE,8,1441.9177913467624,2.8724114896459585
BR-06,47,0,43,0,43,0.0,1.0,0,1,0.017300015315413475,True,ADVANCE,3,1000.0,2.9392117568470275
BR-06,48,0,44,0,44,0.0,1.0,0,1,0.018700025975704193,True,ADVANCE,6,1441.9177913467624,3.006012024048096
BR-06,49,0,45,0,45,0.0,1.0,0,1,0.01999997766688466,True,ADVANCE,7,1800.7374029168082,3.0728122912491647
BR-06,50,0,46,0,46,0.0,1.0,0,1,0.019000028260052204,True,ADVANCE,9,1022.8734649112389,3.139612558450234
BR-06,51,1,46,1,45,1.0,-1.0,1,0,0.019300030544400215,True,ADVANCE,8,1000.0,3.2064128256513023
BR-06,52,1,45,1,45,0.0,-1.0,0,-1,0.01969997538253665,True,ADVANCE,6,1000.0,3.2732130928523713
BR-06,53,1,44,1,44,0.0,-1.0,0,-1,0.020099978428333998,True,ADVANCE,5,1055.6379982778428,3.3400133600534407
BR-06,54,1,43,1,43,0.0,-1.0,0,-1,0.019900035113096237,True,ADVANCE,10,1138.76403372894,3.406813627254509
BR-06,55,1,42,1,42,0.0,-1.0,0,-1,0.019000028260052204,True,ADVANCE,5,1067.381626734864,3.473613894455578
BR-06,56,1,41,1,41,0.0,-1.0,0,-1,0.018799968529492617,True,ADVANCE,5,1000.0,3.5404141616566465
BR-06,57,1,40,1,40,0.0,-1.0,0,-1,0.018499966245144606,True,ADVANCE,8,1000.0,3.6072144288577155
BR-06,58,1,39,1,39,0.0,-1.0,0,-1,0.019599974621087313,True,ADVANCE,11,1470.4832921313127,3.674014696058784
BR-06,59,1,38,1,38,0.0,-1.0,0,-1,0.01910002902150154,True,ADVANCE,9,1441.9177913467624,3.740814963259853
BR-06,60,1,37,1,37,0.0,-1.0,0,-1,0.01829996472224593,True,ADVANCE,6,1011.7436284570214,3.807615230460922
BR-06,61,1,36,1,36,0.0,-1.0,0,-1,0.01899997005239129,True,ADVANCE,10,1018.3156388887342,3.8744154976619907
BR-06,62,1,35,1,35,0.0,-1.0,0,-1,0.0295999925583601,True,ADVANCE,8,1000.0,3.9412157648630597
BR-06,63,1,34,1,34,0.0,-1.0,0,-1,0.01910002902150154,True,ADVANCE,8,1022.8734649112389,4.008016032064128
BR-06,64,1,33,1,33,0.0,-1.0,0,-1,0.018899969290941954,True,ADVANCE,9,1000.0,4.074816299265197
BR-06,65,1,32,1,32,0.0,-1.0,0,-1,0.018300022929906845,True,ADVANCE,7,1282.360776859909,4.141616566466266
BR-06,66,1,32,1,31,7.050756427137004,-7.091321019752684,0,0,0.049900030717253685,False,WAIT,8,1641.1803884299545,4.141616566466266
BR-06,67,1,31,1,31,0.0,-1.0,0,-1,0.01939997309818864,True,ADVANCE,13,1800.7374029168082,4.208416833667335
BR-06,68,1,30,1,30,0.0,-1.0,0,-1,0.01999997766688466,True,ADVANCE,9,1800.7374029168082,4.275217100868404
BR-06,69,1,29,1,29,0.0,-1.0,0,-1,0.019200029782950878,True,ADVANCE,12,1641.1803884299545,4.342017368069472
BR-06,70,1,28,1,28,0.0,-1.0,0,-1,0.018799968529492617,True,ADVANCE,5,1129.9303907247136,4.408817635270541
BR-06,71,1,27,1,27,0.0,-1.0,0,-1,0.021199986804276705,True,ADVANCE,8,1000.0,4.47561790247161
BR-06,72,1,26,1,26,0.0,-1.0,0,-1,0.01910002902150154,True,ADVANCE,11,1129.9303907247136,4.542418169672679
BR-06,73,1,25,1,25,0.0,-1.0,0,-1,0.019200029782950878,True,ADVANCE,5,1000.0,4.609218436873747
BR-06,74,1,24,1,24,0.0,-1.0,0,-1,0.01850002445280552,True,ADVANCE,7,1018.3156388887342,4.676018704074816
BR-06,75,1,23,1,23,0.0,-1.0,0,-1,0.018400023691356182,True,ADVANCE,4,1000.0,4.742818971275885
BR-06,76,1,22,1,22,0.0,-1.0,0,-1,0.024300010409206152,True,ADVANCE,8,1709.8428290555119,4.809619238476954
BR-06,77,1,21,1,21,0.0,-1.0,0,-1,0.01869996776804328,True,ADVANCE,11,1129.9303907247136,4.876419505678023
BR-06,78,1,20,1,20,0.0,-1.0,0,-1,0.01869996776804328,True,ADVANCE,7,1441.9177913467624,4.943219772879091
BR-06,79,1,19,1,19,0.0,-1.0,0,-1,0.018200022168457508,True,ADVANCE,9,1641.1803884299545,5.01002004008016
BR-06,80,1,18,1,18,0.0,-1.0,0,-1,0.019199971575289965,True,ADVANCE,10,1238.2984139466093,5.076820307281229
BR-06,81,1,17,1,17,-6.594763128582525,-7.517253439780279,0,-1,0.03519997699186206,True,ADVANCE,12,1129.9303907247136,5.143620574482298
BR-06,82,1,16,1,16,0.0,-1.0,0,-1,0.023900007363408804,True,ADVANCE,8,1000.0,5.210420841683367
BR-06,83,1,15,1,15,0.0,-1.0,0,-1,0.020299979951232672,True,ADVANCE,8,1230.1653323127296,5.277221108884436
BR-06,84,2,15,2,15,1.0,0.0,1,0,0.019599974621087313,True,ADVANCE,5,1000.0,5.344021376085505
BR-06,85,2,14,2,14,0.0,-1.0,0,-1,0.020700041204690933,True,ADVANCE,9,1055.6379982778428,5.410821643286573
BR-06,86,3,14,3,14,1.0,0.0,1,0,0.02169999061152339,True,ADVANCE,12,1550.2858145686582,5.477621910487642
BR-06,87,3,13,3,13,0.0,-1.0,0,-1,0.020199979189783335,True,ADVANCE,6,1000.0,5.544422177688711
BR-06,88,3,12,3,12,0.0,-1.0,0,-1,0.025800021830946207,True,ADVANCE,7,1000.0,5.61122244488978
BR-06,89,2,12,2,12,-1.0,0.0,-1,0,0.02169999061152339,True,ADVANCE,13,1610.9311067528286,5.678022712090848
BR-06,90,1,12,1,12,-1.0,0.0,-1,0,0.02169999061152339,True,ADVANCE,11,1000.0,5.744822979291917
BR-06,91,1,11,1,11,0.0,-1.0,0,-1,0.018599967006593943,True,ADVANCE,5,1000.0,5.811623246492986
BR-06,92,1,10,1,10,0.0,-1.0,0,-1,0.020300038158893585,True,ADVANCE,14,1211.8496934239954,5.878423513694055
BR-06,93,1,10,1,9,0.0,-10.0,0,0,0.06390002090483904,False,WAIT,10,1129.9303907247136,5.878423513694055
BR-06,94,1,9,1,9,0.0,-1.0,0,-1,0.019400031305849552,True,ADVANCE,14,1497.5557896246055,5.945223780895124
BR-06,95,1,8,1,8,0.0,-1.0,0,-1,0.018499966245144606,True,ADVANCE,8,1282.360776859909,6.012024048096192
BR-06,96,1,7,1,7,0.0,-1.0,0,-1,0.0192999723367393,True,ADVANCE,9,1441.9177913467624,6.078824315297261
BR-06,97,1,6,1,6,-6.594763128582525,-7.517253439780279,0,-1,0.02629996743053198,True,ADVANCE,8,1800.7374029168082,6.145624582498329
BR-06,98,1,5,1,5,0.0,-1.0,0,-1,0.018200022168457508,True,ADVANCE,7,1000.0,6.212424849699398
BR-06,99,1,4,1,4,0.0,-1.0,0,-1,0.01829996472224593,True,ADVANCE,8,1211.8496934239954,6.279225116900468
BR-06,100,1,3,1,3,0.0,-1.0,0,-1,0.019200029782950878,True,ADVANCE,9,1800.7374029168082,6.346025384101536
BR-06,101,1,2,1,2,0.0,-1.0,0,-1,0.018200022168457508,True,ADVANCE,5,1000.0,6.4128256513026045
BR-06,102,1,1,1,0,6.15714384947473,-7.87969413219038,0,-1,0.026300025638192892,True,ADVANCE,9,1800.7374029168082,6.479625918503674
BR-06,103,1,0,1,0,0.0,-1.0,0,-1,0.020400038920342922,True,ADVANCE,12,1441.9177913467624,6.5464261857047426
BR-06,104,2,0,2,0,1.0,0.0,1,0,0.017900019884109497,True,ADVANCE,9,1441.9177913467624,6.613226452905812
BR-06,105,2,1,2,1,0.0,1.0,0,1,0.018899969290941954,True,ADVANCE,9,1441.9177913467624,6.6800267201068815
BR-06,106,3,1,3,1,1.0,0.0,1,0,0.018200022168457508,True,ADVANCE,11,1129.9303907247136,6.74682698730795
BR-06,107,3,0,3,0,0.0,-1.0,0,-1,0.020199979189783335,True,ADVANCE,6,1129.9303907247136,6.813627254509018
BR-06,108,4,0,4,0,1.0,0.0,1,0,0.018200022168457508,True,ADVANCE,10,1230.1653323127296,6.880427521710086
BR-06,109,4,1,4,1,0.0,1.0,0,1,0.018600025214254856,True,ADVANCE,7,1028.5655007845503,6.947227788911156
BR-06,110,4,2,4,2,0.0,1.0,0,1,0.024900014977902174,True,ADVANCE,13,1641.1803884299545,7.014028056112225
BR-06,111,3,2,3,2,-1.0,0.0,-1,0,0.02139998832717538,True,ADVANCE,10,1000.0,7.080828323313293
BR-06,112,3,3,3,3,0.0,1.0,0,1,0.020499981474131346,True,ADVANCE,3,1000.0,7.147628590514363
BR-06,113,2,3,2,3,-1.0,0.0,-1,0,0.021200045011937618,True,ADVANCE,6,1000.0,7.214428857715431
BR-06,114,2,4,2,4,0.0,1.0,0,1,0.023200002033263445,True,ADVANCE,9,1000.0,7.2812291249165
BR-06,115,2,5,2,5,0.0,1.0,0,1,0.019600032828748226,True,ADVANCE,6,1441.9177913467624,7.348029392117568
BR-06,116,2,6,2,6,0.0,1.0,0,1,0.01910002902150154,True,ADVANCE,5,1000.0,7.414829659318638
BR-06,117,2,7,2,7,0.0,1.0,0,1,0.019200029782950878,True,ADVANCE,6,1011.7436284570214,7.481629926519706
BR-06,118,2,8,2,8,0.0,1.0,0,1,0.021599989850074053,True,ADVANCE,4,1000.0,7.548430193720774
BR-06,119,2,9,2,9,0.0,1.0,0,1,0.019199971575289965,True,ADVANCE,14,1601.474805833616,7.615230460921844
BR-06,120,2,10,2,10,0.0,1.0,0,1,0.019900035113096237,True,ADVANCE,9,1810.1937038360206,7.682030728122912
BR-06,121,2,11,2,11,0.0,1.0,0,1,0.02139998832717538,True,ADVANCE,7,1000.0,7.748830995323981
BR-06,122,3,11,3,11,1.0,0.0,1,0,0.020199979189783335,True,ADVANCE,4,1000.0,7.8156312625250495
BR-06,123,3,11,3,10,-2.6645352591003757e-15,-1.0,0,0,0.061700004152953625,False,WAIT,6,1000.0,7.8156312625250495
BR-06,124,3,10,3,10,0.0,-1.0,0,-1,0.021000043489038944,True,ADVANCE,7,1028.5655007845503,7.882431529726119
BR-06,125,3,9,3,9,0.0,-1.0,0,-1,0.021299987565726042,True,ADVANCE,14,2028.5655007845503,7.9492317969271875
BR-06,126,3,8,3,8,0.0,-1.0,0,-1,0.019899976905435324,True,ADVANCE,7,1022.8734649112389,8.016032064128256
BR-06,127,4,8,3,7,7.148869802242072,6.148869802242072,1,0,0.026500027161091566,True,ADVANCE,5,1000.0,8.082832331329326
BR-06,128,4,7,4,7,0.0,-1.0,0,-1,0.02039998071268201,True,ADVANCE,7,1055.6379982778428,8.149632598530394
BR-06,129,3,7,3,7,-1.0,0.0,-1,0,0.021499989088624716,True,ADVANCE,9,1129.9303907247136,8.216432865731463
BR-06,130,3,6,3,6,0.0,-1.0,0,-1,0.020099978428333998,True,ADVANCE,17,1441.9177913467624,8.283233132932532
BR-06,131,4,6,4,6,1.0,0.0,1,0,0.01999997766688466,True,ADVANCE,6,1441.9177913467624,8.3500334001336
BR-06,132,4,5,4,5,0.0,-1.0,0,-1,0.02069998299703002,True,ADVANCE,5,1000.0,8.41683366733467
BR-06,133,4,4,4,4,0.0,-1.0,0,-1,0.019899976905435324,True,ADVANCE,9,1641.1803884299545,8.483633934535737
BR-06,134,4,3,3,4,6.148869802242072,-7.148869802242072,0,-1,0.02640002639964223,True,ADVANCE,9,1823.610867828047,8.550434201736808
BR-06,135,5,3,5,3,1.0,0.0,1,0,0.021599989850074053,True,ADVANCE,9,1800.7374029168082,8.617234468937877
BR-06,136,5,2,5,2,0.0,-1.0,0,-1,0.020900042727589607,True,ADVANCE,5,1000.0,8.684034736138944
BR-06,137,5,1,5,1,0.0,-1.0,0,-1,0.01950003206729889,True,ADVANCE,10,1000.0,8.750835003340013
BR-06,138,5,0,5,0,0.0,-1.0,0,-1,0.019000028260052204,True,ADVANCE,5,1000.0,8.817635270541082
BR-06,139,6,0,6,0,1.0,0.0,1,0,0.01880002673715353,True,ADVANCE,10,1000.0,8.884435537742151
BR-06,140,6,1,6,1,0.0,1.0,0,1,0.0192999723367393,True,ADVANCE,5,1000.0,8.95123580494322
BR-06,141,6,0,6,2,-7.050756427137004,7.091321019752684,0,-1,0.05019997479394078,True,ADVANCE,16,1601.474805833616,8.95123580494322
BR-06,142,7,0,7,0,7.517253439780279,6.594763128582525,1,0,0.06940000457689166,True,ADVANCE,15,1800.7374029168082,9.01803607214429
BR-06,143,6,0,7,1,9.989028339052318,0.46830848979028983,-1,0,0.05039997631683946,True,ADVANCE,14,1211.8496934239954,9.01803607214429
BR-06,144,6,1,6,2,0.0,2.0,0,1,0.022799998987466097,True,ADVANCE,8,1441.9177913467624,9.01803607214429
BR-06,145,6,2,6,2,0.0,1.0,0,1,0.02239999594166875,True,ADVANCE,9,1441.9177913467624,9.084836339345358
BR-06,146,6,3,6,3,0.0,1.0,0,1,0.02080004196614027,True,ADVANCE,9,1022.8734649112389,9.151636606546425
BR-06,147,6,4,6,4,0.0,1.0,0,1,0.022199994418770075,True,ADVANCE,6,1055.6379982778428,9.218436873747494
BR-06,148,5,4,5,4,-1.0,0.0,-1,0,0.02099998528137803,True,ADVANCE,10,1601.474805833616,9.285237140948563
BR-06,149,5,4,5,5,-2.6645352591003757e-15,1.0,0,0,0.058999983593821526,False,WAIT,13,1441.9177913467624,9.285237140948563
BR-06,150,5,5,5,5,0.0,1.0,0,1,0.0219999928958714,True,ADVANCE,9,1011.7436284570214,9.352037408149632
BR-06,151,5,6,5,6,0.0,1.0,0,1,0.020900042727589607,True,ADVANCE,10,1000.0,9.418837675350701
BR-06,152,5,7,5,7,0.0,1.0,0,1,0.0219999928958714,True,ADVANCE,12,1022.8734649112389,9.48563794255177
BR-06,153,5,8,5,8,0.0,1.0,0,1,0.020599982235580683,True,ADVANCE,7,1000.0,9.55243820975284
BR-06,154,6,8,5,9,-9.99984732295925,0.055258641900970414,1,0,0.055800017435103655,True,ADVANCE,6,1011.7436284570214,9.619238476953909
BR-06,155,6,7,6,7,0.0,-1.0,0,-1,0.022599997464567423,True,ADVANCE,6,1000.0,9.686038744154976
BR-06,156,6,6,6,6,0.0,-1.0,0,-1,0.021199986804276705,True,ADVANCE,9,1211.8496934239954,9.752839011356047
BR-06,157,6,5,6,5,0.0,-1.0,0,-1,0.02220005262643099,True,ADVANCE,10,1441.9177913467624,9.819639278557114
BR-06,158,7,5,7,5,1.0,0.0,1,0,0.02039998071268201,True,ADVANCE,8,1441.9177913467624,9.886439545758183
BR-06,159,7,4,7,4,0.0,-1.0,0,-1,0.020000035874545574,True,ADVANCE,5,1000.0,9.953239812959252
BR-06,160,7,3,7,3,0.0,-1.0,0,-1,0.02139998832717538,True,ADVANCE,11,1641.1803884299545,10.02004008016032
BR-06,161,7,2,7,2,0.0,-1.0,0,-1,0.02180004958063364,True,ADVANCE,15,1000.0,10.08684034736139
BR-06,162,7,1,7,1,0.0,-1.0,0,-1,0.02039998071268201,True,ADVANCE,7,1018.3156388887342,10.153640614562457
BR-06,163,6,1,8,1,7.091321019752684,-7.050756427137004,-1,0,0.043599982745945454,True,ADVANCE,8,1441.9177913467624,10.153640614562457
BR-06,164,7,1,8,1,2.0,0.0,1,0,0.020599982235580683,True,ADVANCE,11,1441.9177913467624,10.153640614562457
BR-06,165,8,1,8,1,1.0,0.0,1,0,0.0192999723367393,True,ADVANCE,6,1000.0,10.220440881763528
BR-06,166,8,0,8,0,0.0,-1.0,0,-1,0.019300030544400215,True,ADVANCE,7,1000.0,10.287241148964595
BR-06,167,9,0,9,0,1.0,0.0,1,0,0.03309996100142598,True,ADVANCE,12,1800.7374029168082,10.354041416165664
BR-06,168,9,1,9,1,0.0,1.0,0,1,0.02500001573935151,True,ADVANCE,9,1000.0,10.420841683366733
BR-06,169,9,2,9,2,0.0,1.0,0,1,0.020900042727589607,True,ADVANCE,9,1800.7374029168082,10.487641950567802
BR-06,170,8,2,8,2,-1.0,0.0,-1,0,0.020199979189783335,True,ADVANCE,10,1641.1803884299545,10.554442217768871
BR-06,171,9,2,8,3,-7.050756427137004,7.091321019752684,1,0,0.05670002428814769,True,ADVANCE,4,1000.0,10.554442217768871
BR-06,172,9,3,9,3,0.0,1.0,0,1,0.02039998071268201,True,ADVANCE,13,1800.7374029168082,10.62124248496994
BR-06,173,8,3,8,3,-1.0,0.0,-1,0,0.02039998071268201,True,ADVANCE,8,1800.7374029168082,10.68804275217101
BR-06,174,8,4,8,5,0.0,2.0,0,1,0.02150004729628563,True,ADVANCE,8,1000.0,10.754843019372078
BR-06,175,8,4,8,5,0.0,-10.0,0,0,0.03850000211969018,False,WAIT,6,1129.9303907247136,10.754843019372078
BR-06,176,8,5,8,5,0.0,1.0,0,1,0.021899992134422064,True,ADVANCE,11,1453.661419803784,10.821643286573146
BR-06,177,8,6,8,6,0.0,1.0,0,1,0.02069998299703002,True,ADVANCE,3,1000.0,10.888443553774215
BR-06,178,7,6,7,6,-1.0,0.0,-1,0,0.02110004425048828,True,ADVANCE,9,1000.0,10.955243820975284
BR-06,179,7,7,7,7,0.0,1.0,0,1,0.020799983758479357,True,ADVANCE,11,1000.0,11.022044088176353
BR-06,180,8,7,8,7,1.0,0.0,1,0,0.0198000343516469,True,ADVANCE,6,1800.7374029168082,11.088844355377422
BR-06,181,8,8,8,8,0.0,1.0,0,1,0.01969997538253665,True,ADVANCE,5,1000.0,11.15564462257849
BR-06,182,9,8,9,8,1.0,0.0,1,0,0.021200045011937618,True,ADVANCE,13,1441.9177913467624,11.22244488977956
BR-06,183,9,7,9,7,0.0,-1.0,0,-1,0.019799976143985987,True,ADVANCE,14,1067.381626734864,11.289245156980627
BR-06,184,9,6,9,6,0.0,-1.0,0,-1,0.020899984519928694,True,ADVANCE,13,1800.7374029168082,11.356045424181696
BR-06,185,9,5,9,5,0.0,-1.0,0,-1,0.020199979189783335,True,ADVANCE,9,1282.360776859909,11.422845691382765
BR-06,186,9,4,9,4,0.0,-1.0,0,-1,0.019799976143985987,True,ADVANCE,5,1000.0,11.489645958583834
BR-06,187,10,4,10,4,1.0,0.0,1,0,0.02010003663599491,True,ADVANCE,11,1800.7374029168082,11.556446225784903
BR-06,188,10,3,10,3,0.0,-1.0,0,-1,0.02099998528137803,True,ADVANCE,8,1000.0,11.623246492985972
BR-06,189,10,2,10,2,0.0,-1.0,0,-1,0.01999997766688466,True,ADVANCE,10,1800.7374029168082,11.690046760187041
BR-06,190,10,1,10,1,0.0,-1.0,0,-1,0.019599974621087313,True,ADVANCE,8,1000.0,11.75684702738811
BR-06,191,10,0,10,0,0.0,-1.0,0,-1,0.018900027498602867,True,ADVANCE,7,1441.9177913467624,11.823647294589177
BR-06,192,11,0,11,0,1.0,0.0,1,0,0.019200029782950878,True,ADVANCE,13,1441.9177913467624,11.890447561790248
BR-06,193,11,1,11,1,0.0,1.0,0,1,0.01829996472224593,True,ADVANCE,14,1800.7374029168082,11.957247828991315
BR-06,194,11,2,11,2,0.0,1.0,0,1,0.01939997309818864,True,ADVANCE,5,1000.0,12.024048096192384
BR-06,195,11,3,11,3,0.0,1.0,0,1,0.06059999577701092,True,ADVANCE,8,1641.1803884299545,12.090848363393453
BR-06,196,11,4,11,4,0.0,1.0,0,1,0.03300001844763756,True,ADVANCE,6,1018.3156388887342,12.157648630594522
BR-06,197,11,5,11,5,0.0,1.0,0,1,0.02370000584051013,True,ADVANCE,4,1000.0,12.224448897795591
BR-06,198,10,5,10,5,-1.0,0.0,-1,0,0.021400046534836292,True,ADVANCE,10,2000.0,12.291249164996659
BR-06,199,10,6,10,6,0.0,1.0,0,1,0.02269999822601676,True,ADVANCE,9,1129.9303907247136,12.35804943219773
BR-06,200,10,7,10,7,0.0,1.0,0,1,0.020899984519928694,True,ADVANCE,10,1641.1803884299545,12.424849699398797
BR-06,201,10,7,10,8,-9.999820004859853,0.05999892002915911,0,0,0.04569999873638153,False,WAIT,9,1441.9177913467624,12.424849699398797
BR-06,202,10,8,10,8,0.0,1.0,0,1,0.022599997464567423,True,ADVANCE,7,1000.0,12.491649966599866
BR-06,203,10,9,10,9,0.0,1.0,0,1,0.022499996703118086,True,ADVANCE,12,1211.8496934239954,12.558450233800937
BR-06,204,9,9,9,9,-1.0,0.0,-1,0,0.021199986804276705,True,ADVANCE,9,1969.750718322874,12.625250501002002
BR-06,205,9,10,9,10,0.0,1.0,0,1,0.022199994418770075,True,ADVANCE,12,1282.360776859909,12.692050768203073
BR-06,206,8,10,8,10,-1.0,0.0,-1,0,0.02069998299703002,True,ADVANCE,7,1000.0,12.758851035404142
BR-06,207,8,11,8,11,0.0,1.0,0,1,0.021199986804276705,True,ADVANCE,8,1000.0,12.825651302605209
BR-06,208,7,11,7,11,-1.0,0.0,-1,0,0.02039998071268201,True,ADVANCE,7,1000.0,12.89245156980628
BR-06,209,6,11,6,11,-1.0,0.0,-1,0,0.021199986804276705,True,ADVANCE,8,1601.474805833616,12.959251837007349
BR-06,210,5,11,5,11,-1.0,0.0,-1,0,0.02050003968179226,True,ADVANCE,6,1055.6379982778428,13.026052104208416
BR-06,211,4,11,4,11,-1.0,0.0,-1,0,0.02110004425048828,True,ADVANCE,13,1936.0726861534208,13.092852371409485
BR-06,212,4,10,4,10,0.0,-1.0,0,-1,0.02039998071268201,True,ADVANCE,4,1000.0,13.159652638610556
BR-06,213,4,9,4,9,0.0,-1.0,0,-1,0.021799991372972727,True,ADVANCE,11,1282.360776859909,13.226452905811623
BR-06,214,5,9,5,9,1.0,0.0,1,0,0.02139998832717538,True,ADVANCE,8,1185.5683890025564,13.293253173012692
BR-06,215,4,9,5,10,9.99984732295925,0.055258641900970414,-1,0,0.05859998054802418,True,ADVANCE,8,1000.0,13.293253173012692
BR-06,216,5,9,5,10,1.0,1.0,1,0,0.02300000051036477,True,ADVANCE,8,1800.7374029168082,13.293253173012692
BR-06,217,5,10,5,10,0.0,1.0,0,1,0.020799983758479357,True,ADVANCE,7,1441.9177913467624,13.360053440213763
BR-06,218,6,10,6,10,1.0,0.0,1,0,0.020900042727589607,True,ADVANCE,8,1000.0,13.426853707414828
BR-06,219,6,9,6,9,0.0,-1.0,0,-1,0.021099986042827368,True,ADVANCE,13,1022.8734649112389,13.4936539746159
BR-06,220,7,9,7,9,1.0,0.0,1,0,0.021299987565726042,True,ADVANCE,8,2000.0,13.560454241816966
BR-06,221,7,10,7,12,0.0,3.0,0,1,0.025600020308047533,True,ADVANCE,8,1000.0,13.627254509018035
BR-06,222,7,10,7,12,0.0,-10.0,0,0,0.06839999696239829,False,WAIT,9,1441.9177913467624,13.627254509018035
BR-06,223,7,11,7,12,0.0,2.0,0,1,0.0323000131174922,True,ADVANCE,5,1000.0,13.627254509018035
BR-06,224,7,12,7,12,0.0,1.0,0,1,0.022299995180219412,True,ADVANCE,6,1800.7374029168082,13.694054776219106
BR-06,225,6,12,6,12,-1.0,0.0,-1,0,0.021799991372972727,True,ADVANCE,7,1000.0,13.760855043420172
BR-06,226,5,12,5,12,-1.0,0.0,-1,0,0.020900042727589607,True,ADVANCE,9,1000.0,13.827655310621243
BR-06,227,4,12,4,12,-1.0,0.0,-1,0,0.021499989088624716,True,ADVANCE,4,1000.0,13.894455577822312
BR-06,228,4,13,4,13,0.0,1.0,0,1,0.021499989088624716,True,ADVANCE,8,1022.8734649112389,13.961255845023379
BR-06,229,3,13,4,14,0.0,-10.0,-1,0,0.04989997250959277,True,ADVANCE,13,1441.9177913467624,13.961255845023379
BR-06,230,2,13,1,13,-2.0,0.0,-1,0,0.02210005186498165,True,ADVANCE,11,1028.5655007845503,14.02805611222445
BR-06,231,2,14,1,13,6.148869802242072,7.148869802242072,0,1,0.028099981136620045,True,ADVANCE,9,1129.9303907247136,14.02805611222445
BR-06,232,1,14,1,13,-1.0,-1.0,-1,0,0.019799976143985987,True,ADVANCE,3,1000.0,14.094856379425519
BR-06,233,1,14,1,13,-2.0037505157657506e-15,10.0,0,0,0.05319999763742089,False,WAIT,11,1441.9177913467624,14.094856379425519
BR-06,234,2,14,1,13,0.0,-10.0,1,0,0.03670004662126303,True,ADVANCE,8,1000.0,14.094856379425519
BR-06,235,2,13,1,13,-0.05556568561935944,9.999845621537446,0,-1,0.043199979700148106,True,ADVANCE,10,1000.0,14.094856379425519
BR-06,236,1,13,1,13,-1.0,0.0,-1,0,0.020200037397444248,True,ADVANCE,14,2441.9177913467624,14.161656646626586
BR-06,237,1,14,2,16,1.0,3.0,0,1,0.019499973859637976,True,ADVANCE,8,1800.7374029168082,14.161656646626586
BR-06,238,1,15,2,16,1.0,2.0,0,1,0.018700025975704193,True,ADVANCE,9,1018.3156388887342,14.161656646626586
BR-06,239,2,15,2,16,1.0,1.0,1,0,0.01899997005239129,True,ADVANCE,13,1641.1803884299545,14.161656646626586
BR-06,240,2,15,2,16,-1.7417836412376468e-15,10.0,0,0,0.05289999535307288,False,WAIT,8,1441.9177913467624,14.161656646626586
BR-06,241,2,14,2,16,-1.4643167384778913e-16,10.0,0,-1,0.050600036047399044,True,ADVANCE,9,1800.7374029168082,14.161656646626586
BR-06,242,2,15,2,16,6.15714384947473,7.87969413219038,0,1,0.02719997428357601,True,ADVANCE,8,1000.0,14.161656646626586
BR-06,243,2,16,2,16,0.0,1.0,0,1,0.019899976905435324,True,ADVANCE,11,1453.661419803784,14.228456913827655
BR-06,244,2,17,2,17,0.0,1.0,0,1,0.020899984519928694,True,ADVANCE,8,1000.0,14.295257181028726
BR-06,245,2,18,2,18,0.0,1.0,0,1,0.019599974621087313,True,ADVANCE,7,1000.0,14.362057448229793
BR-06,246,2,19,2,19,0.0,1.0,0,1,0.01969997538253665,True,ADVANCE,7,1800.7374029168082,14.428857715430862
BR-06,247,2,20,2,20,0.0,1.0,0,1,0.019499973859637976,True,ADVANCE,7,1211.8496934239954,14.49565798263193
BR-06,248,2,21,2,21,0.0,1.0,0,1,0.033699965570122004,True,ADVANCE,15,2108.368023221896,14.562458249833
BR-06,249,3,21,2,22,-7.050756427137004,7.091321019752684,1,0,0.048399961087852716,True,ADVANCE,14,1630.0403066181666,14.629258517034069
BR-06,250,3,20,3,20,0.0,-1.0,0,-1,0.022899999748915434,True,ADVANCE,15,1829.3029037013584,14.696058784235136
BR-06,251,3,19,3,19,7.091437707408559,7.050639066208397,0,-1,0.054699950851500034,True,ADVANCE,11,2000.0,14.762859051436205
BR-06,252,3,18,3,18,0.0,-1.0,0,-1,0.026200024876743555,True,ADVANCE,17,1305.234241771148,14.829659318637276
BR-06,253,3,17,3,17,0.0,-1.0,0,-1,0.023500004317611456,True,ADVANCE,8,1601.474805833616,14.896459585838343
BR-06,254,3,16,3,16,0.0,-1.0,0,-1,0.026300025638192892,True,ADVANCE,14,1613.2184342906376,14.963259853039412
BR-06,255,3,17,3,15,7.050756427137004,-7.091321019752684,0,1,0.049799971748143435,True,ADVANCE,9,1441.9177913467624,14.963259853039412
BR-06,256,4,17,4,17,1.0,0.0,1,0,0.022299995180219412,True,ADVANCE,3,1000.0,15.030060120240481
BR-06,257,4,18,4,18,0.0,1.0,0,1,0.02069998299703002,True,ADVANCE,4,1800.7374029168082,15.096860387441549
BR-06,258,4,19,4,19,-7.091437707408559,-7.050639066208397,0,1,0.04449998959898949,True,ADVANCE,13,1441.9177913467624,15.16366065464262
BR-06,259,4,20,4,20,0.0,1.0,0,1,0.020700041204690933,True,ADVANCE,5,1000.0,15.230460921843688
BR-06,260,5,20,4,21,7.148869802242072,-6.148869802242072,1,0,0.029199989512562752,True,ADVANCE,7,1000.0,15.297261189044756
BR-06,261,5,19,5,19,0.0,-1.0,0,-1,0.02169999061152339,True,ADVANCE,7,1000.0,15.364061456245825
BR-06,262,5,18,5,18,0.0,-1.0,0,-1,0.020200037397444248,True,ADVANCE,8,1022.8734649112389,15.430861723446892
BR-06,263,5,17,5,17,0.0,-1.0,0,-1,0.020099978428333998,True,ADVANCE,7,1470.483292131313,15.497661990647963
BR-06,264,5,16,5,16,-7.091437707408559,7.050639066208397,0,-1,0.04640000406652689,True,ADVANCE,15,1630.0403066181666,15.564462257849032
BR-06,265,6,16,5,15,7.148869802242072,6.148869802242072,1,0,0.02629996743053198,True,ADVANCE,8,1000.0,15.631262525050099
BR-06,266,6,15,6,15,0.0,-1.0,0,-1,0.022199994418770075,True,ADVANCE,9,1022.8734649112389,15.69806279225117
BR-06,267,6,15,5,15,-0.6977068292964482,-9.975630565550887,0,0,0.05809997674077749,False,WAIT,10,1441.9177913467624,15.69806279225117
BR-06,268,5,15,5,15,-1.0,0.0,-1,0,0.02239999594166875,True,ADVANCE,14,1240.415194208546,15.764863059452239
BR-06,269,5,14,5,14,0.0,-1.0,0,-1,0.02069998299703002,True,ADVANCE,6,1800.7374029168082,15.831663326653306
BR-06,270,4,14,4,14,-1.0,0.0,-1,0,0.02169999061152339,True,ADVANCE,10,1055.6379982778428,15.898463593854375
BR-06,271,3,14,3,15,-1.0,1.0,-1,0,0.02039998071268201,True,ADVANCE,6,1000.0,15.898463593854375
BR-06,272,3,15,3,15,0.0,1.0,0,1,0.025200017262250185,True,ADVANCE,10,1282.360776859909,15.965263861055446
BR-06,273,4,15,5,13,2.0,-2.0,1,0,0.022199994418770075,True,ADVANCE,8,1641.1803884299545,16.03206412825651
BR-06,274,4,14,5,13,1.0,-2.0,0,-1,0.022099993657320738,True,ADVANCE,12,1441.9177913467624,16.03206412825651
BR-06,275,4,14,5,13,0.9999999999999973,-1.0,0,0,0.06019999273121357,False,WAIT,5,1000.0,16.03206412825651
BR-06,276,5,14,5,13,1.0,-1.0,1,0,0.02110004425048828,True,ADVANCE,7,1000.0,16.03206412825651
BR-06,277,5,13,5,13,0.0,-1.0,0,-1,0.022199994418770075,True,ADVANCE,8,1282.360776859909,16.098864395457582
BR-06,278,6,13,6,13,1.0,0.0,1,0,0.020299979951232672,True,ADVANCE,5,1000.0,16.165664662658653
BR-06,279,6,14,6,14,0.0,1.0,0,1,0.020299979951232672,True,ADVANCE,6,1000.0,16.23246492985972
BR-06,280,6,14,7,14,-6.148869802242078,7.148869802242072,0,0,0.06699998630210757,False,WAIT,10,1441.9177913467624,16.23246492985972
BR-06,281,7,14,7,14,7.517253439780279,6.594763128582525,1,0,0.03200001083314419,True,ADVANCE,6,1000.0,16.299265197060787
BR-06,282,7,13,7,13,0.0,-1.0,0,-1,0.021700048819184303,True,ADVANCE,10,1441.9177913467624,16.366065464261855
BR-06,283,8,13,8,13,1.0,0.0,1,0,0.021199986804276705,True,ADVANCE,12,1641.1803884299545,16.432865731462925
BR-06,284,8,13,8,12,7.050756427137004,-7.091321019752684,0,0,0.04730001091957092,False,WAIT,7,1800.7374029168082,16.432865731462925
BR-06,285,8,12,8,12,0.0,-1.0,0,-1,0.021000043489038944,True,ADVANCE,6,1000.0,16.499665998663996
BR-06,286,9,12,9,12,1.0,0.0,1,0,0.020300038158893585,True,ADVANCE,9,1641.1803884299545,16.566466265865063
BR-06,287,9,11,9,11,0.0,-1.0,0,-1,0.020400038920342922,True,ADVANCE,6,1000.0,16.63326653306613
BR-06,288,10,11,10,11,1.0,0.0,1,0,0.021899992134422064,True,ADVANCE,8,1601.474805833616,16.7000668002672
BR-06,289,10,10,10,10,0.0,-1.0,0,-1,0.020799983758479357,True,ADVANCE,7,1000.0,16.76686706746827
BR-06,290,10,11,10,12,0.0,2.0,0,1,0.022499996703118086,True,ADVANCE,11,1240.415194208546,16.76686706746827
BR-06,291,10,12,10,12,0.0,1.0,0,1,0.02050003968179226,True,ADVANCE,9,1470.483292131313,16.83366733466934
BR-06,292,10,13,10,13,0.0,1.0,0,1,0.021200045011937618,True,ADVANCE,10,2055.6379982778426,16.90046760187041
BR-06,293,9,13,9,13,-1.0,0.0,-1,0,0.020599982235580683,True,ADVANCE,7,1000.0,16.967267869071474
BR-06,294,9,14,9,14,0.0,1.0,0,1,0.02080004196614027,True,ADVANCE,13,1211.8496934239954,17.034068136272545
BR-06,295,8,14,8,14,-1.0,0.0,-1,0,0.021199986804276705,True,ADVANCE,6,1000.0,17.100868403473616
BR-06,296,9,14,7,15,-7.111631565335789,-7.030270014652328,1,0,0.055500015150755644,True,ADVANCE,7,1000.0,17.100868403473616
BR-06,297,9,15,9,15,0.0,1.0,0,1,0.021099986042827368,True,ADVANCE,12,2129.9303907247136,17.167668670674683
BR-06,298,9,16,9,16,0.0,1.0,0,1,0.02370000584051013,True,ADVANCE,8,1000.0,17.234468937875754
BR-06,299,8,16,8,16,-1.0,0.0,-1,0,0.021299987565726042,True,ADVANCE,9,1441.9177913467624,17.30126920507682
BR-06,300,7,16,7,16,-1.0,0.0,-1,0,0.020499981474131346,True,ADVANCE,6,1055.6379982778428,17.368069472277888
BR-06,301,7,15,7,15,0.0,-1.0,0,-1,0.020299979951232672,True,ADVANCE,8,1000.0,17.43486973947896
BR-06,302,7,16,7,17,0.0,2.0,0,1,0.021099986042827368,True,ADVANCE,11,1641.1803884299545,17.43486973947896
BR-06,303,7,17,7,17,0.0,1.0,0,1,0.020799983758479357,True,ADVANCE,8,1011.7436284570214,17.501670006680026
BR-06,304,6,17,6,17,-1.0,0.0,-1,0,0.020299979951232672,True,ADVANCE,6,1000.0,17.568470273881097
BR-06,305,6,18,6,18,0.0,1.0,0,1,0.022299995180219412,True,ADVANCE,16,1819.0530418055423,17.635270541082164
BR-06,306,6,19,6,19,0.0,1.0,0,1,0.02050003968179226,True,ADVANCE,10,1441.9177913467624,17.70207080828323
BR-06,307,6,19,6,20,-7.050756427137004,7.091321019752684,0,0,0.04610000178217888,False,WAIT,11,1028.5655007845503,17.70207080828323
BR-06,308,6,20,6,20,0.0,1.0,0,1,0.028200040105730295,True,ADVANCE,8,1000.0,17.768871075484302
BR-06,309,6,21,6,21,0.0,1.0,0,1,0.0219999928958714,True,ADVANCE,8,1129.9303907247136,17.835671342685373
BR-06,310,5,21,5,21,-1.0,0.0,-1,0,0.020899984519928694,True,ADVANCE,6,1011.7436284570214,17.90247160988644
BR-06,311,4,21,4,21,-1.0,0.0,-1,0,0.020799983758479357,True,ADVANCE,8,1000.0,17.969271877087508
BR-06,312,4,22,4,22,0.0,1.0,0,1,0.022799998987466097,True,ADVANCE,10,1641.1803884299545,18.03607214428858
BR-06,313,4,22,3,22,10.0,0.0,0,0,0.060399994254112244,False,WAIT,17,1619.7904447223502,18.03607214428858
BR-06,314,3,22,3,22,-1.0,0.0,-1,0,0.020899984519928694,True,ADVANCE,11,1930.6677936415217,18.102872411489646
BR-06,315,2,22,2,22,-1.0,0.0,-1,0,0.022899999748915434,True,ADVANCE,6,1000.0,18.169672678690716
BR-06,316,2,23,2,23,0.0,1.0,0,1,0.01969997538253665,True,ADVANCE,11,1011.7436284570214,18.236472945891784
BR-06,317,2,24,2,24,0.0,1.0,0,1,0.019499973859637976,True,ADVANCE,9,1034.6170933682602,18.30327321309285
BR-06,318,2,25,2,25,0.0,1.0,0,1,0.026100024115294218,True,ADVANCE,7,1028.5655007845503,18.37007348029392
BR-06,319,2,26,2,26,0.0,1.0,0,1,0.019700033590197563,True,ADVANCE,12,1282.360776859909,18.43687374749499
BR-06,320,2,27,2,27,0.0,1.0,0,1,0.01969997538253665,True,ADVANCE,11,1282.360776859909,18.50367401469606
BR-06,321,2,28,2,28,0.0,1.0,0,1,0.02039998071268201,True,ADVANCE,9,1028.5655007845503,18.570474281897127
BR-06,322,2,29,2,29,0.0,1.0,0,1,0.02139998832717538,True,ADVANCE,6,1000.0,18.637274549098194
BR-06,323,2,30,2,30,0.0,1.0,0,1,0.019899976905435324,True,ADVANCE,3,1000.0,18.704074816299265
BR-06,324,2,31,2,31,0.0,1.0,0,1,0.021199986804276705,True,ADVANCE,5,1000.0,18.770875083500336
BR-06,325,2,32,2,32,0.0,1.0,0,1,0.01969997538253665,True,ADVANCE,10,1664.0538533411934,18.837675350701403
BR-06,326,2,33,2,33,0.0,1.0,0,1,0.022099993657320738,True,ADVANCE,10,1441.9177913467624,18.90447561790247
BR-06,327,2,34,2,34,0.0,1.0,0,1,0.01939997309818864,True,ADVANCE,4,1000.0,18.97127588510354
BR-06,328,2,35,2,35,0.0,1.0,0,1,0.019400031305849552,True,ADVANCE,6,2011.7436284570213,19.03807615230461
BR-06,329,2,36,2,36,0.0,1.0,0,1,0.020900042727589607,True,ADVANCE,10,1601.474805833616,19.10487641950568
BR-06,330,2,36,2,37,-9.975630565550887,0.6977068292964479,0,0,0.060100050177425146,False,WAIT,14,1601.474805833616,19.10487641950568
BR-06,331,2,37,2,37,0.0,1.0,0,1,0.019900035113096237,True,ADVANCE,5,1000.0,19.171676686706746
BR-06,332,3,37,3,37,1.0,0.0,1,0,0.020200037397444248,True,ADVANCE,9,1000.0,19.238476953907817
BR-06,333,3,36,3,36,6.594763128582525,-7.517253439780279,0,-1,0.03330002073198557,True,ADVANCE,6,1000.0,19.305277221108884
BR-06,334,3,35,3,35,0.0,-1.0,0,-1,0.020799983758479357,True,ADVANCE,10,1441.9177913467624,19.37207748830995
BR-06,335,3,34,3,34,0.0,-1.0,0,-1,0.02039998071268201,True,ADVANCE,12,1441.9177913467624,19.438877755511022
BR-06,336,2,34,3,33,0.0,-10.0,-1,0,0.044899992644786835,True,ADVANCE,11,1129.9303907247136,19.438877755511022
BR-06,337,3,34,3,33,1.0,-1.0,1,0,0.020799983758479357,True,ADVANCE,8,1211.8496934239954,19.438877755511022
BR-06,338,3,33,3,33,0.0,-1.0,0,-1,0.022799998987466097,True,ADVANCE,9,1028.5655007845503,19.505678022712093
BR-06,339,3,32,3,32,0.0,-1.0,0,-1,0.020499981474131346,True,ADVANCE,8,1129.9303907247136,19.57247828991316
BR-06,340,3,31,3,31,0.0,-1.0,0,-1,0.0219999928958714,True,ADVANCE,10,1282.360776859909,19.639278557114228
BR-06,341,3,30,3,30,0.0,-1.0,0,-1,0.02039998071268201,True,ADVANCE,5,1000.0,19.7060788243153
BR-06,342,3,29,3,29,0.0,-1.0,0,-1,0.01999997766688466,True,ADVANCE,15,1441.9177913467624,19.772879091516366
BR-06,343,3,28,3,28,0.0,-1.0,0,-1,0.021199986804276705,True,ADVANCE,6,1129.9303907247136,19.839679358717436
BR-06,344,3,29,3,27,-7.050756427137004,-7.091321019752684,0,1,0.04959997022524476,True,ADVANCE,13,1129.9303907247136,19.839679358717436
BR-06,345,4,29,4,29,7.517253439780279,6.594763128582525,1,0,0.029699993319809437,True,ADVANCE,11,1055.6379982778428,19.906479625918504
BR-06,346,4,28,4,28,0.0,-1.0,0,-1,0.020899984519928694,True,ADVANCE,5,1000.0,19.97327989311957
BR-06,347,4,27,4,27,0.0,-1.0,0,-1,0.021499989088624716,True,ADVANCE,10,1011.7436284570214,20.04008016032064
BR-06,348,3,27,3,27,-1.0,0.0,-1,0,0.02039998071268201,True,ADVANCE,12,1141.6740191817348,20.10688042752171
BR-06,349,4,27,3,26,-9.999820004859853,-0.05999892002915911,1,0,0.03920000744983554,True,ADVANCE,8,1011.7436284570214,20.10688042752171
BR-06,350,4,26,4,26,0.0,-1.0,0,-1,0.02269999822601676,True,ADVANCE,6,1000.0,20.17368069472278
BR-06,351,3,26,3,26,-1.0,0.0,-1,0,0.020499981474131346,True,ADVANCE,8,1055.6379982778428,20.240480961923847
BR-06,352,3,25,3,25,0.0,-1.0,0,-1,0.02039998071268201,True,ADVANCE,5,1000.0,20.307281229124914
BR-06,353,4,25,4,25,1.0,0.0,1,0,0.023200002033263445,True,ADVANCE,11,1441.9177913467624,20.374081496325985
BR-06,354,4,24,4,24,-6.594763128582525,-7.517253439780279,0,-1,0.029999995604157448,True,ADVANCE,12,1320.2177166458912,20.440881763527056
BR-06,355,5,24,4,23,-7.050756427137004,-7.091321019752684,1,0,0.044300046283751726,True,ADVANCE,9,1000.0,20.507682030728123
BR-06,356,5,23,5,23,0.0,-1.0,0,-1,0.021199986804276705,True,ADVANCE,6,1055.6379982778428,20.57448229792919
BR-06,357,4,23,4,23,7.050639066208397,7.091437707408559,-1,0,0.04490005085244775,True,ADVANCE,14,1282.360776859909,20.64128256513026
BR-06,358,3,23,3,23,-1.0,0.0,-1,0,0.021300045773386955,True,ADVANCE,7,1000.0,20.70808283233133
BR-06,359,4,23,5,22,2.0,-1.0,1,0,0.02080004196614027,True,ADVANCE,7,1000.0,20.70808283233133
BR-06,360,5,23,5,22,1.0,-1.0,1,0,0.023100001271814108,True,ADVANCE,14,1856.3754011946507,20.70808283233133
BR-06,361,5,22,5,22,0.0,-1.0,0,-1,0.021099986042827368,True,ADVANCE,9,1282.360776859909,20.7748830995324
BR-06,362,6,22,6,22,1.0,0.0,1,0,0.020299979951232672,True,ADVANCE,9,1641.1803884299545,20.841683366733466
BR-06,363,6,23,6,23,0.0,1.0,0,1,0.020499981474131346,True,ADVANCE,10,1211.8496934239954,20.908483633934534
BR-06,364,6,24,6,24,0.0,1.0,0,1,0.020300038158893585,True,ADVANCE,3,1641.1803884299545,20.975283901135604
BR-06,365,6,25,6,25,0.0,1.0,0,1,0.020300038158893585,True,ADVANCE,8,1000.0,21.04208416833667
BR-06,366,5,25,5,25,-1.0,0.0,-1,0,0.020799983758479357,True,ADVANCE,10,1441.9177913467624,21.108884435537743
BR-06,367,5,26,5,26,0.0,1.0,0,1,0.02099998528137803,True,ADVANCE,10,1000.0,21.175684702738813
BR-06,368,5,26,5,27,0.0,10.0,0,0,0.045199994929134846,False,WAIT,14,1641.1803884299545,21.175684702738813
BR-06,369,5,27,5,27,0.0,1.0,0,1,0.021799991372972727,True,ADVANCE,6,1800.7374029168082,21.24248496993988
BR-06,370,5,28,5,28,0.0,1.0,0,1,0.021499989088624716,True,ADVANCE,9,1601.474805833616,21.309285237140948
BR-06,371,4,28,5,29,7.050756427137004,7.091321019752684,-1,0,0.052799994591623545,True,ADVANCE,3,1000.0,21.309285237140948
BR-06,372,4,29,4,30,0.0,2.0,0,1,0.02180004958063364,True,ADVANCE,9,1018.3156388887342,21.309285237140948
BR-06,373,3,29,4,30,-0.4085963924305025,9.991648962413201,-1,0,0.040000013541430235,True,ADVANCE,9,1441.9177913467624,21.309285237140948
BR-06,374,3,28,4,30,-7.030270014652328,7.111631565335789,0,-1,0.04929996794089675,True,ADVANCE,11,1028.5655007845503,21.309285237140948
BR-06,375,3,29,4,30,1.0,2.0,0,1,0.021300045773386955,True,ADVANCE,8,1022.8734649112389,21.309285237140948
BR-06,376,4,29,4,30,1.0,1.0,1,0,0.020600040443241596,True,ADVANCE,7,1641.1803884299545,21.309285237140948
BR-06,377,4,30,4,30,0.0,1.0,0,1,0.021799991372972727,True,ADVANCE,5,1601.474805833616,21.37608550434202
BR-06,378,4,31,4,31,0.0,1.0,0,1,0.020499981474131346,True,ADVANCE,7,1000.0,21.442885771543086
BR-06,379,5,31,5,31,1.0,0.0,1,0,0.021499989088624716,True,ADVANCE,9,1453.661419803784,21.509686038744157
BR-06,380,5,30,5,30,0.0,-1.0,0,-1,0.02050003968179226,True,ADVANCE,13,1282.360776859909,21.576486305945224
BR-06,381,5,29,5,29,0.0,-1.0,0,-1,0.020099978428333998,True,ADVANCE,13,2000.0,21.64328657314629
BR-06,382,6,29,6,29,1.0,0.0,1,0,0.0219999928958714,True,ADVANCE,12,1800.7374029168082,21.710086840347362
BR-06,383,6,30,6,28,0.0,-10.0,0,1,0.0589000410400331,True,ADVANCE,8,1282.360776859909,21.77688710754843
BR-06,384,6,30,6,31,-2.6645352591003757e-15,1.0,0,0,0.05779997445642948,False,WAIT,6,1055.6379982778428,21.77688710754843
BR-06,385,6,31,6,31,0.0,1.0,0,1,0.022199994418770075,True,ADVANCE,6,1000.0,21.8436873747495
BR-06,386,6,32,6,32,0.0,1.0,0,1,0.020599982235580683,True,ADVANCE,8,1000.0,21.910487641950567
BR-06,387,5,32,5,32,-1.0,0.0,-1,0,0.02139998832717538,True,ADVANCE,6,1000.0,21.977287909151634
BR-06,388,5,33,5,33,0.0,1.0,0,1,0.02150004729628563,True,ADVANCE,11,1601.474805833616,22.044088176352705
BR-06,389,4,33,4,33,-1.0,0.0,-1,0,0.021499989088624716,True,ADVANCE,9,1000.0,22.110888443553776
BR-06,390,5,33,4,34,-9.999820004859853,0.05999892002915911,1,0,0.03659998765215278,True,ADVANCE,6,1022.8734649112389,22.110888443553776
BR-06,391,5,34,5,34,0.0,1.0,0,1,0.020599982235580683,True,ADVANCE,8,1152.8038556359525,22.177688710754843
BR-06,392,4,34,4,34,-1.0,0.0,-1,0,0.021299987565726042,True,ADVANCE,11,1441.9177913467624,22.24448897795591
BR-06,393,4,35,4,35,0.0,1.0,0,1,0.020899984519928694,True,ADVANCE,10,1441.9177913467624,22.31128924515698
BR-06,394,4,36,4,36,0.0,1.0,0,1,0.020499981474131346,True,ADVANCE,3,1000.0,22.37808951235805
BR-06,395,4,37,4,37,0.0,1.0,0,1,0.020199979189783335,True,ADVANCE,9,1441.9177913467624,22.44488977955912
BR-06,396,4,38,4,38,0.0,1.0,0,1,0.02300000051036477,True,ADVANCE,11,1022.8734649112389,22.511690046760187
BR-06,397,3,38,3,38,-1.0,0.0,-1,0,0.027499976567924023,True,ADVANCE,12,1055.6379982778428,22.578490313961254
BR-06,398,3,39,3,39,0.0,1.0,0,1,0.022799998987466097,True,ADVANCE,8,1129.9303907247136,22.645290581162325
BR-06,399,2,39,2,39,-1.0,0.0,-1,0,0.022299995180219412,True,ADVANCE,9,1000.0,22.712090848363392
BR-06,400,2,40,2,40,0.0,1.0,0,1,0.021099986042827368,True,ADVANCE,10,1000.0,22.778891115564463
CN-01,1,0,1,0,1,0.0,1.0,0,1,0.03560003824532032,True,ADVANCE,40,2041.1525971253539,0.110803324099723
CN-01,2,0,1,0,2,7.375953069057641,-6.7524304012006775,0,0,0.08109997725114226,False,WAIT,48,2147.4038400853133,0.110803324099723
CN-01,3,0,0,0,2,7.050756427137004,7.091321019752684,0,-1,0.050799979362636805,True,ADVANCE,35,2000.0,0.110803324099723
CN-01,4,1,0,1,0,1.0,0.0,1,0,0.0198000343516469,True,ADVANCE,40,1844.8107972042808,0.16620498614958448
CN-01,5,1,1,1,1,9.989028339052318,0.46830848979028983,0,1,0.04079996142536402,True,ADVANCE,29,1930.6677936415217,0.221606648199446
CN-01,6,1,1,1,2,0.0,-10.0,0,0,0.052499992307275534,False,WAIT,34,2000.0,0.221606648199446
CN-01,7,1,2,1,2,0.0,1.0,0,1,0.01950003206729889,True,ADVANCE,27,1601.474805833616,0.2770083102493075
CN-01,8,1,2,0,2,6.148869802242072,-7.148869802242074,0,0,0.05540001438930631,False,WAIT,38,3012.5870963408033,0.2770083102493075
CN-01,9,1,3,0,2,7.050639066208397,-7.091437707408559,0,1,0.06709998706355691,True,ADVANCE,41,1909.105426138704,0.33240997229916897
CN-01,10,0,3,0,3,-1.0,0.0,-1,0,0.029099988751113415,True,ADVANCE,43,2040.3469142718386,0.3878116343490305
CN-01,11,0,2,0,2,0.0,-1.0,0,-1,0.02220005262643099,True,ADVANCE,36,2271.220695048121,0.443213296398892
CN-01,12,0,3,0,4,0.0,2.0,0,1,0.024600012693554163,True,ADVANCE,29,3042.044330841377,0.443213296398892
CN-01,13,0,4,0,4,6.594763128582525,7.517253439780279,0,1,0.034100026823580265,True,ADVANCE,31,1800.7374029168082,0.4986149584487534
CN-01,14,0,3,0,5,7.050756427137004,7.091321019752684,0,-1,0.04429998807609081,True,ADVANCE,25,1441.9177913467624,0.4986149584487534
CN-01,15,0,4,0,5,0.0,2.0,0,1,0.020400038920342922,True,ADVANCE,36,2731.40519655833,0.4986149584487534
CN-01,16,0,5,0,5,0.0,1.0,0,1,0.019799976143985987,True,ADVANCE,33,2160.660702159038,0.554016620498615
CN-01,17,0,6,0,6,0.0,1.0,0,1,0.019199971575289965,True,ADVANCE,33,2158.495891509264,0.6094182825484765
CN-01,18,0,7,0,7,7.375953069057641,-6.7524304012006775,0,1,0.04989997250959277,True,ADVANCE,42,2441.9177913467624,0.6648199445983379
CN-01,19,0,8,0,8,0.0,1.0,0,1,0.02069998299703002,True,ADVANCE,28,2610.931106752829,0.7202216066481995
CN-01,20,0,9,0,9,0.0,1.0,0,1,0.020499981474131346,True,ADVANCE,41,2265.5286591748095,0.775623268698061
CN-01,21,0,10,0,10,0.0,1.0,0,1,0.019099970813840628,True,ADVANCE,25,2953.54125855276,0.8310249307479225
CN-01,22,0,10,0,11,9.99984732295925,0.055258641900970414,0,0,0.06559997564181685,False,WAIT,36,2464.528271044518,0.8310249307479225
CN-01,23,0,9,0,11,9.99984732295925,0.055258641900970414,0,-1,0.051499984692782164,True,ADVANCE,34,2069.7661282977415,0.8310249307479225
CN-01,24,1,9,1,9,7.517253439780279,-6.594763128582525,1,0,0.029699993319809437,True,ADVANCE,30,1464.7912562580013,0.886426592797784
CN-01,25,0,9,1,8,0.0,-10.0,-1,0,0.036299985367804766,True,ADVANCE,24,1879.2488661058899,0.886426592797784
CN-01,26,0,9,0,11,9.986176231651877,0.5256275015551891,0,0,0.04600000102072954,False,WAIT,29,1641.1803884299545,0.886426592797784
CN-01,27,1,9,0,11,7.148869802242072,-5.148869802242072,1,0,0.025300018023699522,True,ADVANCE,41,2747.1520331179104,0.886426592797784
CN-01,28,1,8,1,8,0.0,-1.0,0,-1,0.028399983420968056,True,ADVANCE,35,2595.5687134721093,0.9418282548476453
CN-01,29,1,8,1,7,-2.6645352591003757e-15,-1.0,0,0,0.0657000346109271,False,WAIT,26,1216.7360464437916,0.9418282548476453
CN-01,30,1,7,1,7,0.0,-1.0,0,-1,0.02069998299703002,True,ADVANCE,42,2022.873464911239,0.9972299168975068
CN-01,31,0,7,1,6,-7.148869802242072,6.148869802242072,-1,0,0.026600027922540903,True,ADVANCE,27,2000.0,0.9972299168975068
CN-01,32,0,7,1,6,9.999848996408147,-0.05495497279565247,0,0,0.05199998850002885,False,WAIT,30,1601.474805833616,0.9972299168975068
CN-01,33,1,7,1,6,1.0,-1.0,1,0,0.024900014977902174,True,ADVANCE,21,1211.8496934239954,0.9972299168975068
CN-01,34,1,6,1,6,0.0,-1.0,0,-1,0.022099993657320738,True,ADVANCE,37,2000.0,1.0526315789473684
CN-01,35,2,6,2,6,1.0,0.0,1,0,0.02139998832717538,True,ADVANCE,35,1749.5484116518503,1.10803324099723
CN-01,36,2,5,2,5,0.0,-1.0,0,-1,0.021599989850074053,True,ADVANCE,32,2080.0044664803395,1.1634349030470914
CN-01,37,3,5,2,4,-7.050756427137004,-7.091321019752684,1,0,0.07399998139590025,True,ADVANCE,37,1875.9035467651888,1.218836565096953
CN-01,38,3,5,3,4,0.0,10.0,0,0,0.04850002005696297,False,WAIT,32,2169.013315406066,1.218836565096953
CN-01,39,3,4,3,4,-6.594763128582525,-7.517253439780279,0,-1,0.03270001616328955,True,ADVANCE,40,2134.3793977375985,1.2742382271468145
CN-01,40,2,4,2,4,-1.0,0.0,-1,0,0.023100001271814108,True,ADVANCE,38,1993.2468411490988,1.3296398891966759
CN-01,41,1,4,1,4,-1.0,0.0,-1,0,0.020899984519928694,True,ADVANCE,32,2191.466202998613,1.3850415512465373
CN-01,42,1,4,2,3,9.97870261170625,-0.6522991546268211,0,0,0.05400000372901559,False,WAIT,36,1936.0726861534208,1.3850415512465373
CN-01,43,2,4,2,3,1.0,-1.0,1,0,0.04989997250959277,True,ADVANCE,34,2211.8496934239956,1.3850415512465373
CN-01,44,2,3,2,3,0.0,-1.0,0,-1,0.02600002335384488,True,ADVANCE,37,2641.1803884299543,1.440443213296399
CN-01,45,2,2,2,2,0.0,-1.0,0,-1,0.02169999061152339,True,ADVANCE,35,2187.627962173755,1.4958448753462603
CN-01,46,1,2,2,1,7.050756427137004,-7.091321019752684,-1,0,0.05119998240843415,True,ADVANCE,40,1930.6677936415217,1.4958448753462603
CN-01,47,2,2,2,1,1.0,-1.0,1,0,0.020099978428333998,True,ADVANCE,24,1211.8496934239954,1.4958448753462603
CN-01,48,1,2,2,1,0.0,10.0,-1,0,0.04469999112188816,True,ADVANCE,33,1800.7374029168082,1.4958448753462603
CN-01,49,2,2,2,1,1.0,-1.0,1,0,0.02069998299703002,True,ADVANCE,32,2129.9303907247136,1.4958448753462603
CN-01,50,2,1,2,1,0.0,-1.0,0,-1,0.020099978428333998,True,ADVANCE,34,2181.6004117468697,1.551246537396122
CN-01,51,3,1,2,0,7.148869802242072,6.148869802242072,1,0,0.025500019546598196,True,ADVANCE,31,1800.7374029168082,1.6066481994459834
CN-01,52,3,0,3,0,0.0,-1.0,0,-1,0.019400031305849552,True,ADVANCE,31,2138.7361780545602,1.662049861495845
CN-01,53,3,1,2,0,10.0,0.0,0,1,0.057100027333945036,True,ADVANCE,35,1871.345720742684,1.662049861495845
CN-01,54,4,1,3,2,-9.999820004859853,0.05999892002915911,1,0,0.04120002267882228,True,ADVANCE,33,2464.528271044518,1.7174515235457064
CN-01,55,4,0,4,0,0.0,-1.0,0,-1,0.020799983758479357,True,ADVANCE,35,2941.8568041785975,1.772853185595568
CN-01,56,5,0,5,0,1.0,0.0,1,0,0.023600005079060793,True,ADVANCE,26,1969.750718322874,1.8282548476454294
CN-01,57,5,1,5,1,0.0,1.0,0,1,0.019099970813840628,True,ADVANCE,24,1658.385975615811,1.8836565096952906
CN-01,58,5,2,5,2,0.0,1.0,0,1,0.022799998987466097,True,ADVANCE,32,1749.5484116518503,1.9390581717451523
CN-01,59,4,2,4,2,-1.0,0.0,-1,0,0.021299987565726042,True,ADVANCE,35,2211.8496934239956,1.9944598337950137
CN-01,60,3,2,3,2,-7.517253439780279,6.594763128582525,-1,0,0.03220001235604286,True,ADVANCE,34,2403.1466249744826,2.0498614958448753
CN-01,61,3,3,3,3,0.0,1.0,0,1,0.021199986804276705,True,ADVANCE,32,1853.03008185395,2.1052631578947367
CN-01,62,3,3,4,3,0.6977068292964462,9.975630565550887,0,0,0.057299970649182796,False,WAIT,40,2774.9371282525676,2.1052631578947367
CN-01,63,3,4,4,3,0.055258641900970414,-9.99984732295925,0,1,0.0706000137142837,True,ADVANCE,42,2242.6551942635706,2.1052631578947367
CN-01,64,3,5,4,4,0.055258641900970414,-9.99984732295925,0,1,0.058800040278583765,True,ADVANCE,32,2191.466202998613,2.1052631578947367
CN-01,65,3,6,3,6,-6.594763128582525,7.517253439780279,0,1,0.02989999484270811,True,ADVANCE,25,1470.483292131313,2.160664819944598
CN-01,66,3,7,3,7,0.0,1.0,0,1,0.031200004741549492,True,ADVANCE,26,1459.123378532619,2.21606648199446
CN-01,67,3,6,2,7,6.148869802242072,-7.148869802242072,0,-1,0.03260001540184021,True,ADVANCE,45,3282.3607768599086,2.21606648199446
CN-01,68,2,6,4,6,7.091321019752684,7.050756427137004,-1,0,0.05329999839887023,True,ADVANCE,34,1641.1803884299545,2.21606648199446
CN-01,69,2,7,2,7,0.0,1.0,0,1,0.021299987565726042,True,ADVANCE,32,2030.902735229538,2.2714681440443214
CN-01,70,2,8,2,8,0.0,1.0,0,1,0.02050003968179226,True,ADVANCE,26,1709.8428290555119,2.326869806094183
CN-01,71,2,9,2,9,0.0,1.0,0,1,0.021099986042827368,True,ADVANCE,30,1664.6573999864268,2.3822714681440442
CN-01,72,2,10,2,10,0.0,1.0,0,1,0.02099998528137803,True,ADVANCE,35,2696.8183867077973,2.437673130193906
CN-01,73,1,10,1,10,-1.0,0.0,-1,0,0.021000043489038944,True,ADVANCE,21,1749.5484116518503,2.4930747922437675
CN-01,74,1,11,1,11,-6.594763128582525,7.517253439780279,0,1,0.04789995728060603,True,ADVANCE,46,2562.242610608135,2.548476454293629
CN-01,75,0,11,0,11,-1.0,0.0,-1,0,0.023500004317611456,True,ADVANCE,30,2147.078911693634,2.6038781163434903
CN-01,76,0,12,0,12,0.0,1.0,0,1,0.04929996794089675,True,ADVANCE,31,1657.112804111459,2.6592797783933517
CN-01,77,0,13,0,13,0.0,1.0,0,1,0.02239999594166875,True,ADVANCE,40,2823.610867828047,2.714681440443213
CN-01,78,0,13,0,14,9.99984732295925,0.055258641900970414,0,0,0.06210000719875097,False,WAIT,39,3008.7865351862915,2.714681440443213
CN-01,79,0,14,0,14,0.0,1.0,0,1,0.021199986804276705,True,ADVANCE,33,1819.0530418055423,2.7700831024930745
CN-01,80,0,15,0,15,0.0,1.0,0,1,0.020199979189783335,True,ADVANCE,34,1800.7374029168082,2.8254847645429364
CN-01,81,0,16,0,16,0.0,1.0,0,1,0.01910002902150154,True,ADVANCE,32,2026.011374515703,2.880886426592798
CN-01,82,0,17,0,17,0.0,1.0,0,1,0.020899984519928694,True,ADVANCE,23,1936.0726861534208,2.936288088642659
CN-01,83,0,18,0,18,0.0,1.0,0,1,0.024900014977902174,True,ADVANCE,40,2277.0093024183475,2.9916897506925206
CN-01,84,0,17,0,19,0.0,10.0,0,-1,0.07730000652372837,True,ADVANCE,41,2129.9303907247136,2.9916897506925206
CN-01,85,0,18,0,19,0.0,2.0,0,1,0.02559996210038662,True,ADVANCE,40,2271.6044099064484,2.9916897506925206
CN-01,86,0,19,0,19,0.0,1.0,0,1,0.019599974621087313,True,ADVANCE,30,2129.9303907247136,3.0470914127423825
CN-01,87,0,19,1,19,7.091321019752684,7.050756427137004,0,0,0.04970002919435501,False,WAIT,31,2819.0530418055423,3.0470914127423825
CN-01,88,1,19,1,19,1.0,0.0,1,0,0.02080004196614027,True,ADVANCE,40,2240.415194208546,3.102493074792244
CN-01,89,1,18,1,18,-7.091437707408559,7.050639066208397,0,-1,0.0447999918833375,True,ADVANCE,42,2264.4777815547905,3.1578947368421053
CN-01,90,2,18,2,18,1.0,0.0,1,0,0.020799983758479357,True,ADVANCE,32,1812.4810313738294,3.2132963988919667
CN-01,91,1,18,2,17,0.0,-10.0,-1,0,0.0439999857917428,True,ADVANCE,26,1782.8544076116893,3.2132963988919667
CN-01,92,1,17,1,16,0.0,-2.0,0,-1,0.02099998528137803,True,ADVANCE,36,2389.7341059572045,3.2686980609418286
CN-01,93,1,16,1,16,0.0,-1.0,0,-1,0.03759999526664615,True,ADVANCE,39,2260.9708331523047,3.32409972299169
CN-01,94,1,15,1,15,0.0,-1.0,0,-1,0.05979998968541622,True,ADVANCE,30,2375.855714923734,3.3795013850415514
CN-01,95,1,16,1,14,7.050756427137004,-7.091321019752684,0,1,0.07340003503486514,True,ADVANCE,36,2141.674019181735,3.3795013850415514
CN-01,96,2,16,2,16,1.0,0.0,1,0,0.025200017262250185,True,ADVANCE,35,2261.785670860652,3.434903047091413
CN-01,97,2,15,2,15,0.0,-1.0,0,-1,0.02239999594166875,True,ADVANCE,34,1909.105426138704,3.4903047091412747
CN-01,98,1,15,1,14,-1.0,-1.0,-1,0,0.0219999928958714,True,ADVANCE,34,2182.2230696618553,3.4903047091412747
CN-01,99,1,14,1,14,0.0,-1.0,0,-1,0.020599982235580683,True,ADVANCE,29,1800.7374029168082,3.545706371191136
