scenario,frame,robot_r,robot_c,goal_r,goal_c,nodes_expanded,max_queue_size,time_ms,path_cost,path_length,success,action,pedestrians_count,max_occupancy,coverage,replan_triggered,cells_changed,km_value
BR-06,1,0,1,0,1,2,2,0.08040003012865782,1.0,1,True,ADVANCE,11,1441.9177913467624,0.13360053440213762,False,0,0.0
BR-06,2,0,2,0,2,2,2,0.13020000187680125,1.0,1,True,ADVANCE,14,1441.9177913467624,0.2004008016032064,True,975,0.0
BR-06,3,0,3,0,3,2,2,0.0665000407025218,1.0,1,True,ADVANCE,9,1601.474805833616,0.26720106880427524,True,1049,0.0
BR-06,4,0,4,0,4,2,2,0.05860003875568509,1.0,1,True,ADVANCE,13,1282.360776859909,0.33400133600534404,True,967,0.0
BR-06,5,0,4,0,5,1,1,0.041300023440271616,-1.0,0,False,WAIT,11,1129.9303907247136,0.33400133600534404,True,990,0.0
BR-06,6,0,5,0,5,1,3,13.852800009772182,1.0,1,True,ADVANCE,8,1022.8734649112389,0.4008016032064128,True,777,0.0
BR-06,7,0,6,0,6,2,2,0.1433000434190035,1.0,1,True,ADVANCE,3,1000.0,0.46760187040748163,True,578,0.0
BR-06,8,0,7,0,7,2,2,0.0591999851167202,1.0,1,True,ADVANCE,10,1000.0,0.5344021376085505,True,715,0.0
BR-06,9,0,8,0,8,2,2,0.05670002428814769,1.0,1,True,ADVANCE,9,1055.6379982778428,0.6012024048096193,True,849,0.0
BR-06,10,0,9,0,9,2,2,0.058999983593821526,1.0,1,True,ADVANCE,10,2000.0,0.6680026720106881,True,825,0.0
BR-06,11,0,10,0,10,2,2,0.05570001667365432,1.0,1,True,ADVANCE,4,1000.0,0.7348029392117569,True,561,0.0
BR-06,12,0,11,0,11,2,2,0.054800009820610285,1.0,1,True,ADVANCE,9,1055.6379982778428,0.8016032064128256,True,610,0.0
BR-06,13,0,12,0,12,2,2,0.057299970649182796,1.0,1,True,ADVANCE,3,1000.0,0.8684034736138945,True,560,0.0
BR-06,14,0,13,0,13,2,2,0.05570001667365432,1.0,1,True,ADVANCE,8,1022.8734649112389,0.9352037408149633,True,561,0.0
BR-06,15,0,14,0,14,2,2,0.05560001591220498,1.0,1,True,ADVANCE,10,1022.8734649112389,1.002004008016032,True,814,0.0
BR-06,16,0,15,0,15,2,2,0.060399994254112244,1.0,1,True,ADVANCE,5,1000.0,1.068804275217101,True,807,0.0
BR-06,17,0,16,0,16,2,2,0.05420000525191426,1.0,1,True,ADVANCE,9,1441.9177913467624,1.1356045424181698,True,609,0.0
BR-06,18,0,17,0,17,2,2,0.053800002206116915,1.0,1,True,ADVANCE,9,1000.0,1.2024048096192386,True,738,0.0
BR-06,19,0,18,0,18,2,2,0.05660002352669835,1.0,1,True,ADVANCE,4,1000.0,1.2692050768203071,True,633,0.0
BR-06,20,0,19,0,19,2,2,0.07889996049925685,1.0,1,True,ADVANCE,9,1040.3091292415716,1.3360053440213762,True,717,0.0
BR-06,21,0,20,0,20,2,2,0.05859998054802418,1.0,1,True,ADVANCE,5,1000.0,1.402805611222445,True,731,0.0
BR-06,22,0,21,0,21,2,2,0.055500015150755644,1.0,1,True,ADVANCE,10,1641.1803884299545,1.4696058784235138,True,676,0.0
BR-06,23,0,22,0,22,2,2,0.05360000068321824,1.0,1,True,ADVANCE,9,2411.1122905071875,1.5364061456245823,True,758,0.0
BR-06,24,0,23,0,23,2,2,0.05490001058205962,1.0,1,True,ADVANCE,6,1000.0,1.6032064128256511,True,669,0.0
BR-06,25,0,24,0,24,2,2,0.05849997978657484,1.0,1,True,ADVANCE,7,1000.0,1.6700066800267204,True,772,0.0
BR-06,26,0,25,0,25,2,2,0.06230000872164965,1.0,1,True,ADVANCE,7,1028.5655007845503,1.736806947227789,True,763,0.0
BR-06,27,0,25,0,26,1,1,0.043199979700148106,-1.0,0,False,WAIT,11,2242.6551942635706,1.736806947227789,True,691,0.0
BR-06,28,0,26,0,26,1,3,12.257200025487691,1.0,1,True,ADVANCE,6,1011.7436284570214,1.8036072144288577,True,693,0.0
BR-06,29,0,27,0,27,2,2,0.14329998521134257,1.0,1,True,ADVANCE,5,1000.0,1.8704074816299265,True,594,0.0
BR-06,30,0,28,0,28,2,2,0.07540005026385188,1.0,1,True,ADVANCE,7,1000.0,1.9372077488309953,True,587,0.0
BR-06,31,0,29,0,29,2,2,0.05690002581104636,1.0,1,True,ADVANCE,5,1000.0,2.004008016032064,True,545,0.0
BR-06,32,0,30,0,30,2,2,0.05759997293353081,1.0,1,True,ADVANCE,9,1000.0,2.070808283233133,True,615,0.0
BR-06,33,0,31,0,31,2,2,0.05540001438930631,1.0,1,True,ADVANCE,8,1000.0,2.137608550434202,True,800,0.0
BR-06,34,0,32,0,32,2,2,0.057800032664090395,1.0,1,True,ADVANCE,10,1000.0,2.2044088176352705,True,823,0.0
BR-06,35,0,33,0,33,2,2,0.0591999851167202,1.0,1,True,ADVANCE,8,1282.360776859909,2.2712090848363395,True,714,0.0
BR-06,36,0,34,0,34,2,2,0.05559995770454407,1.0,1,True,ADVANCE,7,1000.0,2.338009352037408,True,732,0.0
BR-06,37,0,35,0,35,2,2,0.05740002961829305,1.0,1,True,ADVANCE,11,1601.474805833616,2.404809619238477,True,769,0.0
BR-06,38,0,36,0,36,2,2,0.057100027333945036,1.0,1,True,ADVANCE,8,1000.0,2.4716098864395457,True,814,0.0
BR-06,39,0,37,0,37,2,2,0.05630002124235034,1.0,1,True,ADVANCE,8,1011.7436284570214,2.5384101536406143,True,817,0.0
BR-06,40,0,38,0,38,2,2,0.05859998054802418,1.0,1,True,ADVANCE,11,1800.7374029168082,2.6052104208416833,True,761,0.0
BR-06,41,0,39,0,39,2,2,0.05929998587816954,1.0,1,True,ADVANCE,7,1000.0,2.6720106880427523,True,836,0.0
BR-06,42,0,40,0,40,2,2,0.05670002428814769,1.0,1,True,ADVANCE,10,1641.1803884299545,2.738810955243821,True,790,0.0
BR-06,43,0,41,0,41,2,2,0.06019999273121357,1.0,1,True,ADVANCE,8,1601.474805833616,2.80561122244489,True,788,0.0
BR-06,44,0,42,0,42,2,2,0.05779997445642948,1.0,1,True,ADVANCE,5,1441.9177913467624,2.8724114896459585,True,562,0.0
BR-06,45,0,43,0,43,2,2,0.05460000829771161,1.0,1,True,ADVANCE,7,1000.0,2.9392117568470275,True,665,0.0
BR-06,46,0,44,0,44,2,2,0.055800017435103655,1.0,1,True,ADVANCE,8,1441.9177913467624,3.006012024048096,True,706,0.0
BR-06,47,0,45,0,45,2,2,0.06689998554065824,1.0,1,True,ADVANCE,3,1000.0,3.0728122912491647,True,500,0.0
BR-06,48,0,46,0,46,2,2,0.05660002352669835,1.0,1,True,ADVANCE,6,1441.9177913467624,3.139612558450234,True,410,0.0
BR-06,49,0,45,1,45,4,5,0.08450000314041972,2.0,2,True,ADVANCE,7,1800.7374029168082,3.139612558450234,True,667,0.0
BR-06,50,1,45,1,45,0,6,14.328100020065904,1.0,1,True,ADVANCE,9,1022.8734649112389,3.2064128256513023,True,801,1.0
BR-06,51,1,44,1,44,2,3,0.1894999877549708,1.0,1,True,ADVANCE,8,1000.0,3.2732130928523713,True,883,0.0
BR-06,52,1,43,1,43,2,3,0.0659999786876142,1.0,1,True,ADVANCE,6,1000.0,3.3400133600534407,True,714,0.0
BR-06,53,1,42,1,42,2,3,0.06680004298686981,1.0,1,True,ADVANCE,5,1055.6379982778428,3.406813627254509,True,572,0.0
BR-06,54,1,41,1,41,2,3,0.0667999847792089,1.0,1,True,ADVANCE,10,1138.76403372894,3.473613894455578,True,709,0.0
BR-06,55,1,40,1,40,2,3,0.06350001785904169,1.0,1,True,ADVANCE,5,1067.381626734864,3.5404141616566465,True,659,0.0
BR-06,56,1,39,1,39,2,3,0.06370001938194036,1.0,1,True,ADVANCE,5,1000.0,3.6072144288577155,True,485,0.0
BR-06,57,1,38,1,38,2,3,0.06580003537237644,1.0,1,True,ADVANCE,8,1000.0,3.674014696058784,True,622,0.0
BR-06,58,1,37,1,37,2,3,0.06700004450976849,1.0,1,True,ADVANCE,11,1470.4832921313127,3.740814963259853,True,829,0.0
BR-06,59,1,36,1,36,2,3,0.06449996726587415,1.0,1,True,ADVANCE,9,1441.9177913467624,3.807615230460922,True,735,0.0
BR-06,60,1,35,1,35,2,3,0.06319995736703277,1.0,1,True,ADVANCE,6,1011.7436284570214,3.8744154976619907,True,638,0.0
BR-06,61,1,34,1,34,2,3,0.06339995888993144,1.0,1,True,ADVANCE,10,1018.3156388887342,3.9412157648630597,True,741,0.0
BR-06,62,1,33,1,33,2,3,0.061400001868605614,1.0,1,True,ADVANCE,8,1000.0,4.008016032064128,True,898,0.0
BR-06,63,1,32,1,32,2,3,0.06309995660558343,1.0,1,True,ADVANCE,8,1022.8734649112389,4.074816299265197,True,709,0.0
BR-06,64,1,31,1,31,2,3,0.06160000339150429,1.0,1,True,ADVANCE,9,1000.0,4.141616566466266,True,747,0.0
BR-06,65,1,30,1,30,2,3,0.06450002547353506,1.0,1,True,ADVANCE,7,1282.360776859909,4.208416833667335,True,678,0.0
BR-06,66,1,30,1,29,1,1,0.04740001168102026,-1.0,0,False,WAIT,8,1641.1803884299545,4.208416833667335,True,771,0.0
BR-06,67,1,29,1,29,1,4,15.888099966105074,1.0,1,True,ADVANCE,13,1800.7374029168082,4.275217100868404,True,881,0.0
BR-06,68,1,28,1,28,2,3,0.1762000028975308,1.0,1,True,ADVANCE,9,1800.7374029168082,4.342017368069472,True,975,0.0
BR-06,69,1,27,1,27,2,3,0.07509998977184296,1.0,1,True,ADVANCE,12,1641.1803884299545,4.408817635270541,True,915,0.0
BR-06,70,1,26,1,26,2,3,0.06569997640326619,1.0,1,True,ADVANCE,5,1129.9303907247136,4.47561790247161,True,741,0.0
BR-06,71,1,25,1,25,2,3,0.06480002775788307,1.0,1,True,ADVANCE,8,1000.0,4.542418169672679,True,734,0.0
BR-06,72,1,24,1,24,2,3,0.06290001329034567,1.0,1,True,ADVANCE,11,1129.9303907247136,4.609218436873747,True,929,0.0
BR-06,73,1,23,1,23,2,3,0.06210000719875097,1.0,1,True,ADVANCE,5,1000.0,4.676018704074816,True,734,0.0
BR-06,74,1,22,1,22,2,3,0.06350001785904169,1.0,1,True,ADVANCE,7,1018.3156388887342,4.742818971275885,True,650,0.0
BR-06,75,1,21,1,21,2,3,0.06220000796020031,1.0,1,True,ADVANCE,4,1000.0,4.809619238476954,True,536,0.0
BR-06,76,1,20,1,20,2,3,0.06359996041283011,1.0,1,True,ADVANCE,8,1709.8428290555119,4.876419505678023,True,575,0.0
BR-06,77,1,19,1,19,2,3,0.0716999638825655,1.0,1,True,ADVANCE,11,1129.9303907247136,4.943219772879091,True,748,0.0
BR-06,78,1,18,1,18,2,3,0.06360001862049103,1.0,1,True,ADVANCE,7,1441.9177913467624,5.01002004008016,True,691,0.0
BR-06,79,1,17,1,17,2,3,0.0675999908708036,1.0,1,True,ADVANCE,9,1641.1803884299545,5.076820307281229,True,791,0.0
BR-06,80,1,16,1,16,2,3,0.06339995888993144,1.0,1,True,ADVANCE,10,1238.2984139466093,5.143620574482298,True,810,0.0
BR-06,81,1,16,1,15,1,1,0.04309997893869877,-1.0,0,False,WAIT,12,1129.9303907247136,5.143620574482298,True,909,0.0
BR-06,82,1,15,1,15,1,4,16.67709997855127,1.0,1,True,ADVANCE,8,1000.0,5.210420841683367,True,931,0.0
BR-06,83,2,15,2,15,2,3,0.21050003124400973,1.0,1,True,ADVANCE,8,1230.1653323127296,5.277221108884436,True,679,0.0
BR-06,84,2,14,2,14,2,3,0.06739998934790492,1.0,1,True,ADVANCE,5,1000.0,5.344021376085505,True,610,0.0
BR-06,85,3,14,3,14,2,3,0.06659998325631022,1.0,1,True,ADVANCE,9,1055.6379982778428,5.410821643286573,True,671,0.0
BR-06,86,3,13,3,13,2,3,0.06390002090483904,1.0,1,True,ADVANCE,12,1550.2858145686582,5.477621910487642,True,954,0.0
BR-06,87,3,12,3,12,2,3,0.06410002242773771,1.0,1,True,ADVANCE,6,1000.0,5.544422177688711,True,857,0.0
BR-06,88,2,12,2,12,2,3,0.06719998782500625,1.0,1,True,ADVANCE,7,1000.0,5.61122244488978,True,705,0.0
BR-06,89,1,12,1,12,2,3,0.06280001252889633,1.0,1,True,ADVANCE,13,1610.9311067528286,5.678022712090848,True,791,0.0
BR-06,90,1,11,1,11,2,3,0.06150000263005495,1.0,1,True,ADVANCE,11,1000.0,5.744822979291917,True,926,0.0
BR-06,91,1,10,1,10,2,3,0.06579997716471553,1.0,1,True,ADVANCE,5,1000.0,5.811623246492986,True,808,0.0
BR-06,92,1,9,1,9,2,3,0.07020001066848636,1.0,1,True,ADVANCE,14,1211.8496934239954,5.878423513694055,True,781,0.0
BR-06,93,1,9,1,8,1,1,0.04449998959898949,-1.0,0,False,WAIT,10,1129.9303907247136,5.878423513694055,True,988,0.0
BR-06,94,1,8,1,8,1,4,18.734300043433905,1.0,1,True,ADVANCE,14,1497.5557896246055,5.945223780895124,True,1037,0.0
BR-06,95,1,7,1,7,2,3,0.2649999805726111,1.0,1,True,ADVANCE,8,1282.360776859909,6.012024048096192,True,832,0.0
BR-06,96,1,6,1,6,2,3,0.06689998554065824,1.0,1,True,ADVANCE,9,1441.9177913467624,6.078824315297261,True,725,0.0
BR-06,97,1,6,1,5,1,1,0.0447999918833375,-1.0,0,False,WAIT,8,1800.7374029168082,6.078824315297261,True,745,0.0
BR-06,98,1,5,1,5,1,4,11.210899974685162,1.0,1,True,ADVANCE,7,1000.0,6.145624582498329,True,634,0.0
BR-06,99,1,4,1,4,2,3,0.32789999386295676,1.0,1,True,ADVANCE,8,1211.8496934239954,6.212424849699398,True,653,0.0
BR-06,100,1,3,1,3,2,3,0.09190000128000975,1.0,1,True,ADVANCE,9,1800.7374029168082,6.279225116900468,True,758,0.0
BR-06,101,1,2,1,2,2,3,0.07280003046616912,1.0,1,True,ADVANCE,5,1000.0,6.346025384101536,True,594,0.0
BR-06,102,1,2,1,0,1,1,0.04600000102072954,-1.0,0,False,WAIT,9,1800.7374029168082,6.346025384101536,True,703,0.0
BR-06,103,1,1,1,0,2,4,19.814400002360344,2.0,2,True,ADVANCE,12,1441.9177913467624,6.4128256513026045,True,987,0.0
BR-06,104,1,0,1,0,0,7,15.373899950645864,1.0,1,True,ADVANCE,9,1441.9177913467624,6.479625918503674,True,860,1.0
BR-06,105,2,0,2,0,2,2,0.3515999997034669,1.0,1,True,ADVANCE,9,1441.9177913467624,6.5464261857047426,True,743,0.0
BR-06,106,2,1,2,1,2,3,0.08420000085607171,1.0,1,True,ADVANCE,11,1129.9303907247136,6.613226452905812,True,794,0.0
BR-06,107,3,1,3,1,2,3,0.08749996777623892,1.0,1,True,ADVANCE,6,1129.9303907247136,6.6800267201068815,True,701,0.0
BR-06,108,3,0,3,0,2,2,0.07899996126070619,1.0,1,True,ADVANCE,10,1230.1653323127296,6.74682698730795,True,719,0.0
BR-06,109,4,0,4,0,2,2,0.06079999729990959,1.0,1,True,ADVANCE,7,1028.5655007845503,6.813627254509018,True,669,0.0
BR-06,110,4,1,4,1,2,3,0.06829999620094895,1.0,1,True,ADVANCE,13,1641.1803884299545,6.880427521710086,True,783,0.0
BR-06,111,4,2,4,2,2,3,0.07160002132877707,1.0,1,True,ADVANCE,10,1000.0,6.947227788911156,True,957,0.0
BR-06,112,3,2,3,2,2,3,0.07150002056732774,1.0,1,True,ADVANCE,3,1000.0,7.014028056112225,True,622,0.0
BR-06,113,3,3,3,3,2,3,0.06439996650442481,1.0,1,True,ADVANCE,6,1000.0,7.080828323313293,True,485,0.0
BR-06,114,2,3,2,3,2,3,0.07349997758865356,1.0,1,True,ADVANCE,9,1000.0,7.147628590514363,True,768,0.0
BR-06,115,2,4,2,4,2,3,0.09119999594986439,1.0,1,True,ADVANCE,6,1441.9177913467624,7.214428857715431,True,715,0.0
BR-06,116,2,5,2,5,2,3,0.06910000229254365,1.0,1,True,ADVANCE,5,1000.0,7.2812291249165,True,546,0.0
BR-06,117,2,6,2,6,2,3,0.06280001252889633,1.0,1,True,ADVANCE,6,1011.7436284570214,7.348029392117568,True,540,0.0
BR-06,118,2,7,2,7,2,3,0.07130001904442906,1.0,1,True,ADVANCE,4,1000.0,7.414829659318638,True,555,0.0
BR-06,119,2,8,2,8,2,3,0.07310003275051713,1.0,1,True,ADVANCE,14,1601.474805833616,7.481629926519706,True,837,0.0
BR-06,120,2,9,2,9,2,3,0.06419996498152614,1.0,1,True,ADVANCE,9,1810.1937038360206,7.548430193720774,True,870,0.0
BR-06,121,2,10,2,10,2,3,0.07860001642256975,1.0,1,True,ADVANCE,7,1000.0,7.615230460921844,True,742,0.0
BR-06,122,2,11,2,11,2,3,0.06630003917962313,1.0,1,True,ADVANCE,4,1000.0,7.682030728122912,True,531,0.0
BR-06,123,2,11,3,11,1,1,0.045599997974932194,-1.0,0,False,WAIT,6,1000.0,7.682030728122912,True,525,0.0
BR-06,124,3,11,3,11,1,4,13.875600008759648,1.0,1,True,ADVANCE,7,1028.5655007845503,7.748830995323981,True,730,0.0
BR-06,125,3,10,3,10,2,3,0.32619998091831803,1.0,1,True,ADVANCE,14,2028.5655007845503,7.8156312625250495,True,847,0.0
BR-06,126,3,9,3,9,2,3,0.08299999171867967,1.0,1,True,ADVANCE,7,1022.8734649112389,7.882431529726119,True,835,0.0
BR-06,127,3,8,3,8,2,3,0.08610001532360911,1.0,1,True,ADVANCE,5,1000.0,7.9492317969271875,True,559,0.0
BR-06,128,3,7,3,7,2,3,0.07240002742037177,1.0,1,True,ADVANCE,7,1055.6379982778428,8.016032064128256,True,693,0.0
BR-06,129,3,6,3,6,2,3,0.06600003689527512,1.0,1,True,ADVANCE,9,1129.9303907247136,8.082832331329326,True,742,0.0
BR-06,130,4,6,4,6,2,3,0.06829999620094895,1.0,1,True,ADVANCE,17,1441.9177913467624,8.149632598530394,True,1027,0.0
BR-06,131,4,5,4,5,2,3,0.06710004527121782,1.0,1,True,ADVANCE,6,1441.9177913467624,8.216432865731463,True,797,0.0
BR-06,132,4,4,4,4,2,3,0.06400002166628838,1.0,1,True,ADVANCE,5,1000.0,8.283233132932532,True,493,0.0
BR-06,133,3,4,3,4,2,3,0.06590003613382578,1.0,1,True,ADVANCE,9,1641.1803884299545,8.3500334001336,True,724,0.0
BR-06,134,3,3,4,3,4,6,0.10159995872527361,2.0,2,True,ADVANCE,9,1823.610867828047,8.3500334001336,True,775,0.0
BR-06,135,4,3,4,3,0,8,14.412399963475764,1.0,1,True,ADVANCE,9,1800.7374029168082,8.41683366733467,True,773,1.0
BR-06,136,5,3,5,3,2,3,0.28550002025440335,1.0,1,True,ADVANCE,5,1000.0,8.483633934535737,True,664,0.0
BR-06,137,5,2,5,2,2,3,0.08819997310638428,1.0,1,True,ADVANCE,10,1000.0,8.550434201736808,True,772,0.0
BR-06,138,5,1,5,1,2,3,0.10609999299049377,1.0,1,True,ADVANCE,5,1000.0,8.617234468937877,True,730,0.0
BR-06,139,5,0,5,0,2,2,0.08510000770911574,1.0,1,True,ADVANCE,10,1000.0,8.684034736138944,True,790,0.0
BR-06,140,6,0,6,0,2,2,0.07149996235966682,1.0,1,True,ADVANCE,5,1000.0,8.750835003340013,True,667,0.0
BR-06,141,6,1,6,1,2,3,0.06550003308802843,1.0,1,True,ADVANCE,16,1601.474805833616,8.817635270541082,True,856,0.0
BR-06,142,6,2,6,2,2,3,0.06470002699643373,1.0,1,True,ADVANCE,15,1800.7374029168082,8.884435537742151,True,1067,0.0
BR-06,143,6,3,6,3,2,3,0.07599999662488699,1.0,1,True,ADVANCE,14,1211.8496934239954,8.95123580494322,True,1035,0.0
BR-06,144,6,4,6,4,2,3,0.06520003080368042,1.0,1,True,ADVANCE,8,1441.9177913467624,9.01803607214429,True,831,0.0
BR-06,145,5,4,5,4,2,3,0.06350001785904169,1.0,1,True,ADVANCE,9,1441.9177913467624,9.084836339345358,True,661,0.0
BR-06,146,5,5,5,5,2,3,0.06690004374831915,1.0,1,True,ADVANCE,9,1022.8734649112389,9.151636606546425,True,798,0.0
BR-06,147,5,6,5,6,2,3,0.06450002547353506,1.0,1,True,ADVANCE,6,1055.6379982778428,9.218436873747494,True,715,0.0
BR-06,148,5,7,5,7,2,3,0.06250001024454832,1.0,1,True,ADVANCE,10,1601.474805833616,9.285237140948563,True,699,0.0
BR-06,149,4,7,4,7,2,3,0.06639998173341155,1.0,1,True,ADVANCE,13,1441.9177913467624,9.352037408149632,True,984,0.0
BR-06,150,4,8,4,8,2,3,0.06739998934790492,1.0,1,True,ADVANCE,9,1011.7436284570214,9.418837675350701,True,947,0.0
BR-06,151,4,9,4,9,2,3,0.06970000686123967,1.0,1,True,ADVANCE,10,1000.0,9.48563794255177,True,868,0.0
BR-06,152,4,9,4,10,1,1,0.051200040616095066,-1.0,0,False,WAIT,12,1022.8734649112389,9.48563794255177,True,831,0.0
BR-06,153,4,10,4,10,1,4,15.468199970200658,1.0,1,True,ADVANCE,7,1000.0,9.55243820975284,True,831,0.0
BR-06,154,4,11,4,11,2,3,0.361700018402189,1.0,1,True,ADVANCE,6,1011.7436284570214,9.619238476953909,True,571,0.0
BR-06,155,4,12,4,12,2,3,0.08460000390186906,1.0,1,True,ADVANCE,6,1000.0,9.686038744154976,True,659,0.0
BR-06,156,4,13,4,13,2,3,0.07910002022981644,1.0,1,True,ADVANCE,9,1211.8496934239954,9.752839011356047,True,667,0.0
BR-06,157,4,13,4,14,1,1,0.04789995728060603,-1.0,0,False,WAIT,10,1441.9177913467624,9.752839011356047,True,840,0.0
BR-06,158,4,14,4,14,1,4,15.07680001668632,1.0,1,True,ADVANCE,8,1441.9177913467624,9.819639278557114,True,815,0.0
BR-06,159,5,14,5,14,2,3,0.2815999905578792,1.0,1,True,ADVANCE,5,1000.0,9.886439545758183,True,584,0.0
BR-06,160,5,13,5,13,2,3,0.0817000400274992,1.0,1,True,ADVANCE,11,1641.1803884299545,9.953239812959252,True,722,0.0
BR-06,161,5,13,5,12,1,1,0.055100012104958296,-1.0,0,False,WAIT,15,1000.0,9.953239812959252,True,1030,0.0
BR-06,162,5,12,5,12,1,4,19.049800001084805,1.0,1,True,ADVANCE,7,1018.3156388887342,10.02004008016032,True,1028,0.0
BR-06,163,5,11,5,11,2,3,0.2954000374302268,1.0,1,True,ADVANCE,8,1441.9177913467624,10.08684034736139,True,683,0.0
BR-06,164,5,10,5,10,2,3,0.0838999985717237,1.0,1,True,ADVANCE,11,1441.9177913467624,10.153640614562457,True,803,0.0
BR-06,165,5,9,5,9,2,3,0.07269997149705887,1.0,1,True,ADVANCE,6,1000.0,10.220440881763528,True,710,0.0
BR-06,166,5,8,5,8,2,3,0.07760000880807638,1.0,1,True,ADVANCE,7,1000.0,10.287241148964595,True,570,0.0
BR-06,167,6,8,6,8,2,3,0.07100001676008105,1.0,1,True,ADVANCE,12,1800.7374029168082,10.354041416165664,True,961,0.0
BR-06,168,6,7,6,7,2,3,0.06799999391660094,1.0,1,True,ADVANCE,9,1000.0,10.420841683366733,True,866,0.0
BR-06,169,6,6,6,6,2,3,0.08099997648969293,1.0,1,True,ADVANCE,9,1800.7374029168082,10.487641950567802,True,861,0.0
BR-06,170,6,5,6,5,2,3,0.06389996269717813,1.0,1,True,ADVANCE,10,1641.1803884299545,10.554442217768871,True,865,0.0
BR-06,171,6,5,7,5,1,1,0.04900002386420965,-1.0,0,False,WAIT,4,1000.0,10.554442217768871,True,658,0.0
BR-06,172,7,5,7,5,1,4,15.195600048173219,1.0,1,True,ADVANCE,13,1800.7374029168082,10.62124248496994,True,821,0.0
BR-06,173,7,4,7,4,2,3,0.2245000214315951,1.0,1,True,ADVANCE,8,1800.7374029168082,10.68804275217101,True,864,0.0
BR-06,174,7,3,7,3,2,3,0.0724999699741602,1.0,1,True,ADVANCE,8,1000.0,10.754843019372078,True,730,0.0
BR-06,175,7,3,7,2,1,1,0.04850002005696297,-1.0,0,False,WAIT,6,1129.9303907247136,10.754843019372078,True,688,0.0
BR-06,176,7,2,7,2,1,4,13.486600015312433,1.0,1,True,ADVANCE,11,1453.661419803784,10.821643286573146,True,720,0.0
BR-06,177,7,1,7,1,2,3,0.2142000012099743,1.0,1,True,ADVANCE,3,1000.0,10.888443553774215,True,668,0.0
BR-06,178,7,0,7,0,2,2,0.08579995483160019,1.0,1,True,ADVANCE,9,1000.0,10.955243820975284,True,652,0.0
BR-06,179,8,0,8,0,2,2,0.06230000872164965,1.0,1,True,ADVANCE,11,1000.0,11.022044088176353,True,870,0.0
BR-06,180,8,1,8,1,2,3,0.059699988923966885,1.0,1,True,ADVANCE,6,1800.7374029168082,11.088844355377422,True,788,0.0
BR-06,181,8,2,8,2,2,3,0.06160000339150429,1.0,1,True,ADVANCE,5,1000.0,11.15564462257849,True,485,0.0
BR-06,182,8,3,8,3,2,3,0.089899986051023,1.0,1,True,ADVANCE,13,1441.9177913467624,11.22244488977956,True,842,0.0
BR-06,183,9,3,9,3,2,3,0.07000000914558768,1.0,1,True,ADVANCE,14,1067.381626734864,11.289245156980627,True,1031,0.0
BR-06,184,9,2,9,2,2,3,0.07129996083676815,1.0,1,True,ADVANCE,13,1800.7374029168082,11.356045424181696,True,895,0.0
BR-06,185,9,1,9,1,2,3,0.0982999918051064,1.0,1,True,ADVANCE,9,1282.360776859909,11.422845691382765,True,840,0.0
BR-06,186,9,0,9,0,2,2,0.06729998858645558,1.0,1,True,ADVANCE,5,1000.0,11.489645958583834,True,675,0.0
BR-06,187,10,0,10,0,2,2,0.05760003114119172,1.0,1,True,ADVANCE,11,1800.7374029168082,11.556446225784903,True,695,0.0
BR-06,188,10,1,10,1,2,3,0.06049999501556158,1.0,1,True,ADVANCE,8,1000.0,11.623246492985972,True,760,0.0
BR-06,189,10,2,10,2,2,3,0.0706000137142837,1.0,1,True,ADVANCE,10,1800.7374029168082,11.690046760187041,True,866,0.0
BR-06,190,10,3,10,3,2,3,0.0640999642200768,1.0,1,True,ADVANCE,8,1000.0,11.75684702738811,True,805,0.0
BR-06,191,10,4,10,4,2,3,0.0651999725960195,1.0,1,True,ADVANCE,7,1441.9177913467624,11.823647294589177,True,684,0.0
BR-06,192,9,4,9,4,2,3,0.06490002851933241,1.0,1,True,ADVANCE,13,1441.9177913467624,11.890447561790248,True,802,0.0
BR-06,193,9,5,9,5,2,3,0.06849999772384763,1.0,1,True,ADVANCE,14,1800.7374029168082,11.957247828991315,True,966,0.0
BR-06,194,8,5,8,5,2,3,0.07050001295283437,1.0,1,True,ADVANCE,5,1000.0,12.024048096192384,True,853,0.0
BR-06,195,8,6,8,6,2,3,0.07090001599863172,1.0,1,True,ADVANCE,8,1641.1803884299545,12.090848363393453,True,667,0.0
BR-06,196,8,6,7,6,1,1,0.050799979362636805,-1.0,0,False,WAIT,6,1018.3156388887342,12.090848363393453,True,583,0.0
BR-06,197,8,6,7,6,0,0,9.215800033416599,-1.0,0,False,WAIT,4,1000.0,12.090848363393453,True,492,0.0
BR-06,198,7,6,7,6,1,4,12.169299996457994,1.0,1,True,ADVANCE,10,2000.0,12.157648630594522,True,658,0.0
BR-06,199,7,7,7,7,2,3,0.275599944870919,1.0,1,True,ADVANCE,9,1129.9303907247136,12.224448897795591,True,753,0.0
BR-06,200,8,7,8,7,2,3,0.1449999981559813,1.0,1,True,ADVANCE,10,1641.1803884299545,12.291249164996659,True,783,0.0
BR-06,201,8,7,8,8,1,1,0.06089999806135893,-1.0,0,False,WAIT,9,1441.9177913467624,12.291249164996659,True,863,0.0
BR-06,202,8,8,8,8,1,4,14.325399999506772,1.0,1,True,ADVANCE,7,1000.0,12.35804943219773,True,767,0.0
BR-06,203,9,8,9,8,2,3,0.3350999904796481,1.0,1,True,ADVANCE,12,1211.8496934239954,12.424849699398797,True,942,0.0
BR-06,204,9,7,9,7,2,3,0.0868999632075429,1.0,1,True,ADVANCE,9,1969.750718322874,12.491649966599866,True,904,0.0
BR-06,205,9,6,9,6,2,3,0.08259998867288232,1.0,1,True,ADVANCE,12,1282.360776859909,12.558450233800937,True,809,0.0
BR-06,206,10,6,10,6,2,3,0.07229996845126152,1.0,1,True,ADVANCE,7,1000.0,12.625250501002002,True,881,0.0
BR-06,207,10,5,10,5,2,3,0.07989996811375022,1.0,1,True,ADVANCE,8,1000.0,12.692050768203073,True,765,0.0
BR-06,208,11,5,11,5,2,3,0.07239996921271086,1.0,1,True,ADVANCE,7,1000.0,12.758851035404142,True,753,0.0
BR-06,209,11,4,11,4,2,3,0.06479996955022216,1.0,1,True,ADVANCE,8,1601.474805833616,12.825651302605209,True,651,0.0
BR-06,210,11,3,11,3,2,3,0.06900000153109431,1.0,1,True,ADVANCE,6,1055.6379982778428,12.89245156980628,True,644,0.0
BR-06,211,11,2,11,2,2,3,0.06689998554065824,1.0,1,True,ADVANCE,13,1936.0726861534208,12.959251837007349,True,845,0.0
BR-06,212,11,1,11,1,2,3,0.0619000056758523,1.0,1,True,ADVANCE,4,1000.0,13.026052104208416,True,686,0.0
BR-06,213,11,0,11,0,2,2,0.06260001100599766,1.0,1,True,ADVANCE,11,1282.360776859909,13.092852371409485,True,638,0.0
BR-06,214,12,0,12,0,2,2,0.0751999905332923,1.0,1,True,ADVANCE,8,1185.5683890025564,13.159652638610556,True,803,0.0
BR-06,215,12,1,12,1,2,3,0.0659999786876142,1.0,1,True,ADVANCE,8,1000.0,13.226452905811623,True,761,0.0
BR-06,216,12,2,12,2,2,3,0.06510003004223108,1.0,1,True,ADVANCE,8,1800.7374029168082,13.293253173012692,True,799,0.0
BR-06,217,12,3,12,3,2,3,0.06529997335746884,1.0,1,True,ADVANCE,7,1441.9177913467624,13.360053440213763,True,707,0.0
BR-06,218,12,4,12,4,2,3,0.06890000076964498,1.0,1,True,ADVANCE,8,1000.0,13.426853707414828,True,679,0.0
BR-06,219,13,4,13,4,2,3,0.06729998858645558,1.0,1,True,ADVANCE,13,1022.8734649112389,13.4936539746159,True,901,0.0
BR-06,220,13,3,13,3,2,3,0.06619998021051288,1.0,1,True,ADVANCE,8,2000.0,13.560454241816966,True,874,0.0
BR-06,221,13,2,13,2,2,3,0.06779999239370227,1.0,1,True,ADVANCE,8,1000.0,13.627254509018035,True,733,0.0
BR-06,222,13,1,13,1,2,3,0.06220000796020031,1.0,1,True,ADVANCE,9,1441.9177913467624,13.694054776219106,True,751,0.0
BR-06,223,13,0,13,0,2,2,0.06089999806135893,1.0,1,True,ADVANCE,5,1000.0,13.760855043420172,True,660,0.0
BR-06,224,14,0,14,0,2,2,0.0543000060133636,1.0,1,True,ADVANCE,6,1800.7374029168082,13.827655310621243,True,605,0.0
BR-06,225,14,1,14,1,2,3,0.06829999620094895,1.0,1,True,ADVANCE,7,1000.0,13.894455577822312,True,623,0.0
BR-06,226,14,2,14,2,2,3,0.06509997183457017,1.0,1,True,ADVANCE,9,1000.0,13.961255845023379,True,796,0.0
BR-06,227,14,3,14,3,2,3,0.06370001938194036,1.0,1,True,ADVANCE,4,1000.0,14.02805611222445,True,680,0.0
BR-06,228,14,4,14,4,2,3,0.07909996202215552,1.0,1,True,ADVANCE,8,1022.8734649112389,14.094856379425519,True,672,0.0
BR-06,229,14,5,14,5,2,3,0.07130001904442906,1.0,1,True,ADVANCE,13,1441.9177913467624,14.161656646626586,True,805,0.0
BR-06,230,13,5,13,5,2,3,0.0733000342734158,1.0,1,True,ADVANCE,11,1028.5655007845503,14.228456913827655,True,909,0.0
BR-06,231,13,6,13,6,2,3,0.0678999931551516,1.0,1,True,ADVANCE,9,1129.9303907247136,14.295257181028726,True,885,0.0
BR-06,232,13,7,13,7,2,3,0.07910002022981644,1.0,1,True,ADVANCE,3,1000.0,14.362057448229793,True,603,0.0
BR-06,233,12,7,12,7,2,3,0.07050001295283437,1.0,1,True,ADVANCE,11,1441.9177913467624,14.428857715430862,True,695,0.0
BR-06,234,11,7,11,7,2,3,0.0651999725960195,1.0,1,True,ADVANCE,8,1000.0,14.49565798263193,True,949,0.0
BR-06,235,10,7,10,7,2,3,0.0727999722585082,1.0,1,True,ADVANCE,10,1000.0,14.562458249833,True,771,0.0
BR-06,236,10,8,10,8,2,3,0.06269995355978608,1.0,1,True,ADVANCE,14,2441.9177913467624,14.629258517034069,True,887,0.0
BR-06,237,10,9,10,9,2,3,0.06629998097196221,1.0,1,True,ADVANCE,8,1800.7374029168082,14.696058784235136,True,812,0.0
BR-06,238,9,9,9,9,2,3,0.0648999703116715,1.0,1,True,ADVANCE,9,1018.3156388887342,14.762859051436205,True,676,0.0
BR-06,239,9,10,9,10,2,3,0.0703000114299357,1.0,1,True,ADVANCE,13,1641.1803884299545,14.829659318637276,True,804,0.0
BR-06,240,8,10,8,10,2,3,0.06260001100599766,1.0,1,True,ADVANCE,8,1441.9177913467624,14.896459585838343,True,860,0.0
BR-06,241,8,11,8,11,2,3,0.0654000323265791,1.0,1,True,ADVANCE,9,1800.7374029168082,14.963259853039412,True,663,0.0
BR-06,242,7,11,7,11,2,3,0.060999998822808266,1.0,1,True,ADVANCE,8,1000.0,15.030060120240481,True,734,0.0
BR-06,243,6,11,6,11,2,3,0.06310001481324434,1.0,1,True,ADVANCE,11,1453.661419803784,15.096860387441549,True,848,0.0
BR-06,244,6,10,6,10,2,3,0.0651999725960195,1.0,1,True,ADVANCE,8,1000.0,15.16366065464262,True,901,0.0
BR-06,245,6,9,6,9,2,3,0.06589997792616487,1.0,1,True,ADVANCE,7,1000.0,15.230460921843688,True,783,0.0
BR-06,246,7,9,7,9,2,3,0.07660000119358301,1.0,1,True,ADVANCE,7,1800.7374029168082,15.297261189044756,True,557,0.0
BR-06,247,7,10,7,12,4,7,0.10689999908208847,3.0,3,True,ADVANCE,7,1211.8496934239954,15.364061456245825,True,610,0.0
BR-06,248,7,11,7,12,0,10,17.400399956386536,2.0,2,True,ADVANCE,15,2108.368023221896,15.364061456245825,True,948,1.0
BR-06,249,7,12,7,12,0,10,24.961299961432815,1.0,1,True,ADVANCE,14,1630.0403066181666,15.430861723446892,True,1153,2.0
BR-06,250,6,12,6,12,2,3,0.32679998548701406,1.0,1,True,ADVANCE,15,1829.3029037013584,15.497661990647963,True,1065,0.0
BR-06,251,6,12,6,13,1,1,0.0847000046633184,-1.0,0,False,WAIT,11,2000.0,15.497661990647963,True,1071,0.0
BR-06,252,6,13,6,13,1,4,20.051500003319234,1.0,1,True,ADVANCE,17,1305.234241771148,15.564462257849032,True,1062,0.0
BR-06,253,6,14,6,14,2,3,0.2550000208429992,1.0,1,True,ADVANCE,8,1601.474805833616,15.631262525050099,True,957,0.0
BR-06,254,6,15,6,15,2,3,0.06729998858645558,1.0,1,True,ADVANCE,14,1613.2184342906376,15.69806279225117,True,794,0.0
BR-06,255,6,15,5,15,1,1,0.046399945858865976,-1.0,0,False,WAIT,9,1441.9177913467624,15.69806279225117,True,857,0.0
BR-06,256,5,15,5,15,1,4,10.161299956962466,1.0,1,True,ADVANCE,3,1000.0,15.764863059452239,True,576,0.0
BR-06,257,5,16,5,16,2,3,0.19920000340789557,1.0,1,True,ADVANCE,4,1800.7374029168082,15.831663326653306,True,362,0.0
BR-06,258,5,17,5,17,2,3,0.06980000762268901,1.0,1,True,ADVANCE,13,1441.9177913467624,15.898463593854375,True,737,0.0
BR-06,259,4,17,4,17,2,3,0.06479996955022216,1.0,1,True,ADVANCE,5,1000.0,15.965263861055446,True,808,0.0
BR-06,260,4,17,3,17,1,1,0.04199997056275606,-1.0,0,False,WAIT,7,1000.0,15.965263861055446,True,712,0.0
BR-06,261,4,17,3,17,0,0,11.496399994939566,-1.0,0,False,WAIT,7,1000.0,15.965263861055446,True,648,0.0
BR-06,262,3,17,3,17,1,4,13.16560001578182,1.0,1,True,ADVANCE,8,1022.8734649112389,16.03206412825651,True,746,0.0
BR-06,263,2,17,2,17,2,3,0.2637000288814306,1.0,1,True,ADVANCE,7,1470.483292131313,16.098864395457582,True,628,0.0
BR-06,264,2,16,2,16,2,3,0.076299998909235,1.0,1,True,ADVANCE,15,1630.0403066181666,16.165664662658653,True,895,0.0
BR-06,265,3,16,3,16,2,3,0.07389998063445091,1.0,1,True,ADVANCE,8,1000.0,16.23246492985972,True,1013,0.0
BR-06,266,3,15,3,15,2,3,0.07449998520314693,1.0,1,True,ADVANCE,9,1022.8734649112389,16.299265197060787,True,803,0.0
BR-06,267,3,16,3,18,4,7,0.11530000483617187,3.0,3,True,ADVANCE,10,1441.9177913467624,16.299265197060787,True,797,0.0
BR-06,268,3,17,3,18,0,10,17.015599994920194,2.0,2,True,ADVANCE,14,1240.415194208546,16.299265197060787,True,951,1.0
BR-06,269,3,18,3,18,0,10,15.214900020509958,1.0,1,True,ADVANCE,6,1800.7374029168082,16.366065464261855,True,864,2.0
BR-06,270,2,18,2,18,2,3,0.40199997602030635,1.0,1,True,ADVANCE,10,1055.6379982778428,16.432865731462925,True,769,0.0
BR-06,271,2,19,2,19,2,3,0.06609997944906354,1.0,1,True,ADVANCE,6,1000.0,16.499665998663996,True,686,0.0
BR-06,272,2,20,2,20,2,3,0.0610999995842576,1.0,1,True,ADVANCE,10,1282.360776859909,16.566466265865063,True,740,0.0
BR-06,273,2,21,2,21,2,3,0.06160000339150429,1.0,1,True,ADVANCE,8,1641.1803884299545,16.63326653306613,True,804,0.0
BR-06,274,2,22,2,22,2,3,0.05940004484727979,1.0,1,True,ADVANCE,12,1441.9177913467624,16.7000668002672,True,855,0.0
BR-06,275,2,23,2,23,2,3,0.06120000034570694,1.0,1,True,ADVANCE,5,1000.0,16.76686706746827,True,795,0.0
BR-06,276,2,24,2,24,2,3,0.062000006437301636,1.0,1,True,ADVANCE,7,1000.0,16.83366733466934,True,657,0.0
BR-06,277,2,25,2,25,2,3,0.060399994254112244,1.0,1,True,ADVANCE,8,1282.360776859909,16.90046760187041,True,744,0.0
BR-06,278,2,26,2,26,2,3,0.059399986639618874,1.0,1,True,ADVANCE,5,1000.0,16.967267869071474,True,681,0.0
BR-06,279,2,27,2,27,2,3,0.06130000110715628,1.0,1,True,ADVANCE,6,1000.0,17.034068136272545,True,587,0.0
BR-06,280,2,28,2,28,2,3,0.06089999806135893,1.0,1,True,ADVANCE,10,1441.9177913467624,17.100868403473616,True,731,0.0
BR-06,281,2,29,2,29,2,3,0.06019999273121357,1.0,1,True,ADVANCE,6,1000.0,17.167668670674683,True,694,0.0
BR-06,282,2,30,2,30,2,3,0.05989999044686556,1.0,1,True,ADVANCE,10,1441.9177913467624,17.234468937875754,True,795,0.0
BR-06,283,2,31,2,31,2,3,0.10330002987757325,1.0,1,True,ADVANCE,12,1641.1803884299545,17.30126920507682,True,841,0.0
BR-06,284,2,32,2,32,2,3,0.06829999620094895,1.0,1,True,ADVANCE,7,1800.7374029168082,17.368069472277888,True,843,0.0
BR-06,285,2,33,2,33,2,3,0.07100001676008105,1.0,1,True,ADVANCE,6,1000.0,17.43486973947896,True,708,0.0
BR-06,286,2,34,2,34,2,3,0.06459996802732348,1.0,1,True,ADVANCE,9,1641.1803884299545,17.501670006680026,True,747,0.0
BR-06,287,2,35,2,35,2,3,0.06250001024454832,1.0,1,True,ADVANCE,6,1000.0,17.568470273881097,True,539,0.0
BR-06,288,2,35,2,36,1,1,0.0439999857917428,-1.0,0,False,WAIT,8,1601.474805833616,17.568470273881097,True,677,0.0
BR-06,289,2,36,2,36,1,4,13.815399957820773,1.0,1,True,ADVANCE,7,1000.0,17.635270541082164,True,771,0.0
BR-06,290,2,37,2,37,2,3,0.32839999767020345,1.0,1,True,ADVANCE,11,1240.415194208546,17.70207080828323,True,840,0.0
BR-06,291,2,37,3,37,1,1,0.05720002809539437,-1.0,0,False,WAIT,9,1470.483292131313,17.70207080828323,True,756,0.0
BR-06,292,3,37,3,37,1,4,12.121899984776974,1.0,1,True,ADVANCE,10,2055.6379982778426,17.768871075484302,True,680,0.0
BR-06,293,3,36,3,36,2,3,0.1756999990902841,1.0,1,True,ADVANCE,7,1000.0,17.835671342685373,True,673,0.0
BR-06,294,3,35,3,35,2,3,0.07259997073560953,1.0,1,True,ADVANCE,13,1211.8496934239954,17.90247160988644,True,836,0.0
BR-06,295,3,34,3,34,2,3,0.06719998782500625,1.0,1,True,ADVANCE,6,1000.0,17.969271877087508,True,769,0.0
BR-06,296,3,33,3,33,2,3,0.06340001709759235,1.0,1,True,ADVANCE,7,1000.0,18.03607214428858,True,690,0.0
BR-06,297,3,32,3,32,2,3,0.06400002166628838,1.0,1,True,ADVANCE,12,2129.9303907247136,18.102872411489646,True,886,0.0
BR-06,298,3,31,3,31,2,3,0.06210000719875097,1.0,1,True,ADVANCE,8,1000.0,18.169672678690716,True,648,0.0
BR-06,299,3,30,3,30,2,3,0.06079999729990959,1.0,1,True,ADVANCE,9,1441.9177913467624,18.236472945891784,True,686,0.0
BR-06,300,3,29,3,29,2,3,0.06450002547353506,1.0,1,True,ADVANCE,6,1055.6379982778428,18.30327321309285,True,578,0.0
BR-06,301,3,29,3,28,1,1,0.041599967516958714,-1.0,0,False,WAIT,8,1000.0,18.30327321309285,True,696,0.0
BR-06,302,3,28,3,28,1,4,15.036400000099093,1.0,1,True,ADVANCE,11,1641.1803884299545,18.37007348029392,True,825,0.0
BR-06,303,3,27,3,27,2,3,0.23089995374903083,1.0,1,True,ADVANCE,8,1011.7436284570214,18.43687374749499,True,822,0.0
BR-06,304,3,26,3,26,2,3,0.06350001785904169,1.0,1,True,ADVANCE,6,1000.0,18.50367401469606,True,703,0.0
BR-06,305,3,25,3,25,2,3,0.06310001481324434,1.0,1,True,ADVANCE,16,1819.0530418055423,18.570474281897127,True,896,0.0
BR-06,306,4,25,4,25,2,3,0.06390002090483904,1.0,1,True,ADVANCE,10,1441.9177913467624,18.637274549098194,True,1000,0.0
BR-06,307,4,24,4,24,2,3,0.060699996538460255,1.0,1,True,ADVANCE,11,1028.5655007845503,18.704074816299265,True,905,0.0
BR-06,308,4,23,4,23,2,3,0.060999998822808266,1.0,1,True,ADVANCE,8,1000.0,18.770875083500336,True,882,0.0
BR-06,309,3,23,3,23,2,3,0.05979998968541622,1.0,1,True,ADVANCE,8,1129.9303907247136,18.837675350701403,True,697,0.0
BR-06,310,3,22,3,22,2,3,0.058999983593821526,1.0,1,True,ADVANCE,6,1011.7436284570214,18.90447561790247,True,688,0.0
BR-06,311,3,21,3,21,2,3,0.0657000346109271,1.0,1,True,ADVANCE,8,1000.0,18.97127588510354,True,691,0.0
BR-06,312,3,20,3,20,2,3,0.06079999729990959,1.0,1,True,ADVANCE,10,1641.1803884299545,19.03807615230461,True,754,0.0
BR-06,313,3,19,3,19,2,3,0.06510003004223108,1.0,1,True,ADVANCE,17,1619.7904447223502,19.10487641950568,True,968,0.0
BR-06,314,4,19,4,19,2,3,0.06320001557469368,1.0,1,True,ADVANCE,11,1930.6677936415217,19.171676686706746,True,874,0.0
BR-06,315,4,18,4,18,2,3,0.06120000034570694,1.0,1,True,ADVANCE,6,1000.0,19.238476953907817,True,824,0.0
BR-06,316,5,18,5,18,2,3,0.05959998816251755,1.0,1,True,ADVANCE,11,1011.7436284570214,19.305277221108884,True,849,0.0
BR-06,317,5,19,5,19,2,3,0.060699996538460255,1.0,1,True,ADVANCE,9,1034.6170933682602,19.37207748830995,True,772,0.0
BR-06,318,5,20,5,20,2,3,0.058999983593821526,1.0,1,True,ADVANCE,7,1028.5655007845503,19.438877755511022,True,729,0.0
BR-06,319,4,20,4,20,2,3,0.0610999995842576,1.0,1,True,ADVANCE,12,1282.360776859909,19.505678022712093,True,870,0.0
BR-06,320,4,21,4,21,2,3,0.06150000263005495,1.0,1,True,ADVANCE,11,1282.360776859909,19.57247828991316,True,924,0.0
BR-06,321,4,22,4,22,2,3,0.06659998325631022,1.0,1,True,ADVANCE,9,1028.5655007845503,19.639278557114228,True,860,0.0
BR-06,322,5,22,5,22,2,3,0.0619000056758523,1.0,1,True,ADVANCE,6,1000.0,19.7060788243153,True,692,0.0
BR-06,323,5,21,5,21,2,3,0.06059999577701092,1.0,1,True,ADVANCE,3,1000.0,19.772879091516366,True,446,0.0
BR-06,324,6,21,6,21,2,3,0.0610999995842576,1.0,1,True,ADVANCE,5,1000.0,19.839679358717436,True,406,0.0
BR-06,325,6,20,6,20,2,3,0.06330001633614302,1.0,1,True,ADVANCE,10,1664.0538533411934,19.906479625918504,True,647,0.0
BR-06,326,6,20,6,19,1,1,0.042899977415800095,-1.0,0,False,WAIT,10,1441.9177913467624,19.906479625918504,True,802,0.0
BR-06,327,6,19,6,19,1,4,11.800300038885325,1.0,1,True,ADVANCE,4,1000.0,19.97327989311957,True,650,0.0
BR-06,328,6,18,6,18,2,3,0.1441999920643866,1.0,1,True,ADVANCE,6,2011.7436284570213,20.04008016032064,True,473,0.0
BR-06,329,6,17,6,17,2,3,0.06310001481324434,1.0,1,True,ADVANCE,10,1601.474805833616,20.10688042752171,True,659,0.0
BR-06,330,6,16,6,16,2,3,0.06500002928078175,1.0,1,True,ADVANCE,14,1601.474805833616,20.17368069472278,True,957,0.0
BR-06,331,7,16,7,16,2,3,0.06499997107312083,1.0,1,True,ADVANCE,5,1000.0,20.240480961923847,True,916,0.0
BR-06,332,7,15,7,15,2,3,0.06340001709759235,1.0,1,True,ADVANCE,9,1000.0,20.307281229124914,True,831,0.0
BR-06,333,7,14,7,14,2,3,0.06510003004223108,1.0,1,True,ADVANCE,6,1000.0,20.374081496325985,True,751,0.0
BR-06,334,7,13,7,13,2,3,0.06439996650442481,1.0,1,True,ADVANCE,10,1441.9177913467624,20.440881763527056,True,701,0.0
BR-06,335,8,13,8,13,2,3,0.06290001329034567,1.0,1,True,ADVANCE,12,1441.9177913467624,20.507682030728123,True,774,0.0
BR-06,336,8,12,8,12,2,3,0.3279999946244061,1.0,1,True,ADVANCE,11,1129.9303907247136,20.57448229792919,True,986,0.0
BR-06,337,9,12,9,12,2,3,0.47109997831285,1.0,1,True,ADVANCE,8,1211.8496934239954,20.64128256513026,True,938,0.0
BR-06,338,9,12,9,11,1,1,0.04310003714635968,-1.0,0,False,WAIT,9,1028.5655007845503,20.64128256513026,True,850,0.0
BR-06,339,9,11,9,11,1,4,15.366700012236834,1.0,1,True,ADVANCE,8,1129.9303907247136,20.70808283233133,True,780,0.0
BR-06,340,10,11,10,11,2,3,0.2948999754153192,1.0,1,True,ADVANCE,10,1282.360776859909,20.7748830995324,True,787,0.0
BR-06,341,10,10,10,10,2,3,0.069500005338341,1.0,1,True,ADVANCE,5,1000.0,20.841683366733466,True,712,0.0
BR-06,342,10,11,10,12,3,5,0.08239998714998364,2.0,2,True,ADVANCE,15,1441.9177913467624,20.841683366733466,True,790,0.0
BR-06,343,10,12,10,12,0,8,14.949800039175898,1.0,1,True,ADVANCE,6,1129.9303907247136,20.908483633934534,True,830,1.0
BR-06,344,10,13,10,13,2,3,0.3367000026628375,1.0,1,True,ADVANCE,13,1129.9303907247136,20.975283901135604,True,767,0.0
BR-06,345,9,13,9,13,2,3,0.06799999391660094,1.0,1,True,ADVANCE,11,1055.6379982778428,21.04208416833667,True,1053,0.0
BR-06,346,9,14,9,14,2,3,0.06470002699643373,1.0,1,True,ADVANCE,5,1000.0,21.108884435537743,True,768,0.0
BR-06,347,8,14,8,14,2,3,0.06330001633614302,1.0,1,True,ADVANCE,10,1011.7436284570214,21.175684702738813,True,664,0.0
BR-06,348,7,14,8,16,8,7,0.14460005331784487,4.0,4,True,ADVANCE,12,1141.6740191817348,21.175684702738813,True,924,0.0
BR-06,349,7,15,8,16,1,10,13.925400038715452,3.0,3,True,ADVANCE,8,1011.7436284570214,21.175684702738813,True,768,1.0
BR-06,350,7,16,8,16,0,11,12.433900032192469,2.0,2,True,ADVANCE,6,1000.0,21.175684702738813,True,683,2.0
BR-06,351,7,16,8,16,7,11,13.674999994691461,-1.0,0,False,WAIT,8,1055.6379982778428,21.175684702738813,True,736,3.0
BR-06,352,8,16,8,16,1,4,11.014399991836399,1.0,1,True,ADVANCE,5,1000.0,21.24248496993988,True,623,3.0
BR-06,353,8,17,8,17,2,3,0.23250002413988113,1.0,1,True,ADVANCE,11,1441.9177913467624,21.309285237140948,True,594,0.0
BR-06,354,7,17,7,17,2,3,0.06669998401775956,1.0,1,True,ADVANCE,12,1320.2177166458912,21.37608550434202,True,878,0.0
BR-06,355,7,18,7,18,2,3,0.06389996269717813,1.0,1,True,ADVANCE,9,1000.0,21.442885771543086,True,819,0.0
BR-06,356,7,19,7,19,2,3,0.0724999699741602,1.0,1,True,ADVANCE,6,1055.6379982778428,21.509686038744157,True,766,0.0
BR-06,357,7,20,7,20,2,3,0.07290003122761846,1.0,1,True,ADVANCE,14,1282.360776859909,21.576486305945224,True,990,0.0
BR-06,358,7,21,7,21,2,3,0.06400002166628838,1.0,1,True,ADVANCE,7,1000.0,21.64328657314629,True,943,0.0
BR-06,359,7,22,7,22,2,3,0.06279995432123542,1.0,1,True,ADVANCE,7,1000.0,21.710086840347362,True,649,0.0
BR-06,360,6,22,6,22,2,3,0.060500053223222494,1.0,1,True,ADVANCE,14,1856.3754011946507,21.77688710754843,True,763,0.0
BR-06,361,6,23,6,23,2,3,0.06859999848529696,1.0,1,True,ADVANCE,9,1282.360776859909,21.8436873747495,True,888,0.0
BR-06,362,5,23,5,23,2,3,0.06220000796020031,1.0,1,True,ADVANCE,9,1641.1803884299545,21.910487641950567,True,832,0.0
BR-06,363,5,24,5,24,2,3,0.05940004484727979,1.0,1,True,ADVANCE,10,1211.8496934239954,21.977287909151634,True,881,0.0
BR-06,364,5,25,5,25,2,3,0.06169994594529271,1.0,1,True,ADVANCE,3,1641.1803884299545,22.044088176352705,True,674,0.0
BR-06,365,5,26,5,26,2,3,0.062400009483098984,1.0,1,True,ADVANCE,8,1000.0,22.110888443553776,True,575,0.0
BR-06,366,4,26,4,26,2,3,0.06210000719875097,1.0,1,True,ADVANCE,10,1441.9177913467624,22.177688710754843,True,781,0.0
BR-06,367,4,27,4,27,2,3,0.06769999163225293,1.0,1,True,ADVANCE,10,1000.0,22.24448897795591,True,853,0.0
BR-06,368,4,27,4,28,1,1,0.04290003562346101,-1.0,0,False,WAIT,14,1641.1803884299545,22.24448897795591,True,1025,0.0
BR-06,369,4,28,4,28,1,4,15.681600023526698,1.0,1,True,ADVANCE,6,1800.7374029168082,22.31128924515698,True,847,0.0
BR-06,370,4,29,4,29,2,3,0.35640003625303507,1.0,1,True,ADVANCE,9,1601.474805833616,22.37808951235805,True,729,0.0
BR-06,371,4,30,4,30,2,3,0.06379996193572879,1.0,1,True,ADVANCE,3,1000.0,22.44488977955912,True,563,0.0
BR-06,372,4,31,4,31,2,3,0.06210000719875097,1.0,1,True,ADVANCE,9,1018.3156388887342,22.511690046760187,True,631,0.0
BR-06,373,4,31,5,31,1,1,0.041300023440271616,-1.0,0,False,WAIT,9,1441.9177913467624,22.511690046760187,True,820,0.0
BR-06,374,5,31,5,31,1,4,14.600499998778105,1.0,1,True,ADVANCE,11,1028.5655007845503,22.578490313961254,True,812,0.0
BR-06,375,5,30,5,30,2,3,0.20380003843456507,1.0,1,True,ADVANCE,8,1022.8734649112389,22.645290581162325,True,890,0.0
BR-06,376,5,29,5,29,2,3,0.09330001194030046,1.0,1,True,ADVANCE,7,1641.1803884299545,22.712090848363392,True,670,0.0
BR-06,377,5,28,5,28,2,3,0.062700011767447,1.0,1,True,ADVANCE,5,1601.474805833616,22.778891115564463,True,496,0.0
BR-06,378,5,27,5,27,2,3,0.06230000872164965,1.0,1,True,ADVANCE,7,1000.0,22.84569138276553,True,423,0.0
BR-06,379,6,27,6,27,2,3,0.06559997564181685,1.0,1,True,ADVANCE,9,1453.661419803784,22.912491649966597,True,649,0.0
BR-06,380,6,26,6,26,2,3,0.0619000056758523,1.0,1,True,ADVANCE,13,1282.360776859909,22.979291917167668,True,878,0.0
BR-06,381,6,25,6,25,2,3,0.06089999806135893,1.0,1,True,ADVANCE,13,2000.0,23.04609218436874,True,985,0.0
BR-06,382,6,24,6,24,2,3,0.0619000056758523,1.0,1,True,ADVANCE,12,1800.7374029168082,23.112892451569806,True,983,0.0
BR-06,383,7,24,7,24,2,3,0.060699996538460255,1.0,1,True,ADVANCE,8,1282.360776859909,23.179692718770877,True,892,0.0
BR-06,384,7,23,7,23,2,3,0.06019999273121357,1.0,1,True,ADVANCE,6,1055.6379982778428,23.246492985971944,True,670,0.0
BR-06,385,7,23,8,23,1,1,0.040899962186813354,-1.0,0,False,WAIT,6,1000.0,23.246492985971944,True,603,0.0
BR-06,386,8,23,8,23,1,4,13.22339999023825,1.0,1,True,ADVANCE,8,1000.0,23.31329325317301,True,729,0.0
BR-06,387,8,22,8,22,2,3,0.1922000083141029,1.0,1,True,ADVANCE,6,1000.0,23.380093520374082,True,713,0.0
BR-06,388,8,22,8,21,1,1,0.04360004095360637,-1.0,0,False,WAIT,11,1601.474805833616,23.380093520374082,True,807,0.0
BR-06,389,8,21,8,21,1,4,16.156100027728826,1.0,1,True,ADVANCE,9,1000.0,23.446893787575153,True,903,0.0
BR-06,390,8,20,8,20,2,3,0.2194000408053398,1.0,1,True,ADVANCE,6,1022.8734649112389,23.51369405477622,True,650,0.0
BR-06,391,8,19,8,19,2,3,0.07200002437457442,1.0,1,True,ADVANCE,8,1152.8038556359525,23.580494321977287,True,651,0.0
BR-06,392,8,18,8,18,2,3,0.06049999501556158,1.0,1,True,ADVANCE,11,1441.9177913467624,23.647294589178355,True,828,0.0
BR-06,393,9,18,9,18,2,3,0.07489998824894428,1.0,1,True,ADVANCE,10,1441.9177913467624,23.714094856379425,True,914,0.0
BR-06,394,9,17,9,17,2,3,0.06059999577701092,1.0,1,True,ADVANCE,3,1000.0,23.780895123580496,True,561,0.0
BR-06,395,9,17,9,16,1,1,0.07609999738633633,-1.0,0,False,WAIT,9,1441.9177913467624,23.780895123580496,True,464,0.0
BR-06,396,9,16,9,16,1,4,16.205499996431172,1.0,1,True,ADVANCE,11,1022.8734649112389,23.847695390781563,True,902,0.0
BR-06,397,9,15,9,15,2,3,0.3291000030003488,1.0,1,True,ADVANCE,12,1055.6379982778428,23.91449565798263,True,923,0.0
BR-06,398,10,15,10,15,2,3,0.06819999543949962,1.0,1,True,ADVANCE,8,1129.9303907247136,23.9812959251837,True,858,0.0
BR-06,399,10,14,10,14,2,3,0.06289995508268476,1.0,1,True,ADVANCE,9,1000.0,24.04809619238477,True,815,0.0
BR-06,400,10,15,10,16,3,5,0.08120003622025251,2.0,2,True,ADVANCE,10,1000.0,24.04809619238477,True,724,0.0
CN-01,1,0,1,0,1,2,2,0.07010000990703702,1.0,1,True,ADVANCE,40,2041.1525971253539,0.110803324099723,False,0,0.0
CN-01,2,0,2,0,2,2,2,0.14299998292699456,1.0,1,True,ADVANCE,48,2147.4038400853133,0.16620498614958448,True,1694,0.0
CN-01,3,0,2,0,3,1,1,0.05920004332438111,-1.0,0,False,WAIT,35,2000.0,0.16620498614958448,True,1758,0.0
CN-01,4,0,3,0,3,1,3,31.323900038842112,1.0,1,True,ADVANCE,40,1844.8107972042808,0.221606648199446,True,1740,0.0
CN-01,5,0,4,0,4,2,2,0.2384000108577311,1.0,1,True,ADVANCE,29,1930.6677936415217,0.2770083102493075,True,1728,0.0
CN-01,6,0,5,0,5,2,2,0.07800001185387373,1.0,1,True,ADVANCE,34,2000.0,0.33240997229916897,True,1624,0.0
CN-01,7,0,5,0,6,1,1,0.04780001472681761,-1.0,0,False,WAIT,27,1601.474805833616,0.33240997229916897,True,1553,0.0
CN-01,8,0,5,0,6,0,0,33.12249999726191,-1.0,0,False,WAIT,38,3012.5870963408033,0.33240997229916897,True,1683,0.0
CN-01,9,0,6,0,6,1,3,29.596900043543428,1.0,1,True,ADVANCE,41,1909.105426138704,0.3878116343490305,True,1659,0.0
CN-01,10,0,7,0,7,2,2,0.27979997685179114,1.0,1,True,ADVANCE,43,2040.3469142718386,0.443213296398892,True,1704,0.0
CN-01,11,0,8,0,8,2,2,0.10620005195960402,1.0,1,True,ADVANCE,36,2271.220695048121,0.4986149584487534,True,1663,0.0
CN-01,12,0,9,0,9,2,2,0.09440002031624317,1.0,1,True,ADVANCE,29,3042.044330841377,0.554016620498615,True,1613,0.0
CN-01,13,0,10,0,10,2,2,0.06719998782500625,1.0,1,True,ADVANCE,31,1800.7374029168082,0.6094182825484765,True,1561,0.0
CN-01,14,0,11,0,11,2,2,0.063000014051795,1.0,1,True,ADVANCE,25,1441.9177913467624,0.6648199445983379,True,1555,0.0
CN-01,15,0,11,0,12,1,1,0.05790003342553973,-1.0,0,False,WAIT,36,2731.40519655833,0.6648199445983379,True,1567,0.0
CN-01,16,0,11,0,12,0,0,90.03149997442961,-1.0,0,False,WAIT,33,2160.660702159038,0.6648199445983379,True,1572,0.0
CN-01,17,0,12,0,12,1,3,29.669800016563386,1.0,1,True,ADVANCE,33,2158.495891509264,0.7202216066481995,True,1527,0.0
CN-01,18,0,13,0,13,2,2,0.2818999928422272,1.0,1,True,ADVANCE,42,2441.9177913467624,0.775623268698061,True,1762,0.0
CN-01,19,0,14,0,14,2,2,0.08979998528957367,1.0,1,True,ADVANCE,28,2610.931106752829,0.8310249307479225,True,1662,0.0
CN-01,20,0,15,0,15,2,2,0.07280003046616912,1.0,1,True,ADVANCE,41,2265.5286591748095,0.886426592797784,True,1617,0.0
CN-01,21,0,15,0,16,1,1,0.04759995499625802,-1.0,0,False,WAIT,25,2953.54125855276,0.886426592797784,True,1670,0.0
CN-01,22,0,16,0,16,1,3,28.22609996655956,1.0,1,True,ADVANCE,36,2464.528271044518,0.9418282548476453,True,1572,0.0
CN-01,23,0,17,0,17,2,2,0.4146000137552619,1.0,1,True,ADVANCE,34,2069.7661282977415,0.9972299168975068,True,1631,0.0
CN-01,24,0,18,0,18,2,2,0.08829997386783361,1.0,1,True,ADVANCE,30,1464.7912562580013,1.0526315789473684,True,1562,0.0
CN-01,25,0,19,0,19,2,2,0.06690004374831915,1.0,1,True,ADVANCE,24,1879.2488661058899,1.10803324099723,True,1645,0.0
CN-01,26,1,19,1,19,2,3,0.06629998097196221,1.0,1,True,ADVANCE,29,1641.1803884299545,1.1634349030470914,True,1563,0.0
CN-01,27,1,18,1,18,2,3,0.0657000346109271,1.0,1,True,ADVANCE,41,2747.1520331179104,1.218836565096953,True,1730,0.0
CN-01,28,2,18,2,18,2,3,0.06459996802732348,1.0,1,True,ADVANCE,35,2595.5687134721093,1.2742382271468145,True,1663,0.0
CN-01,29,2,17,2,17,2,3,0.06260001100599766,1.0,1,True,ADVANCE,26,1216.7360464437916,1.3296398891966759,True,1675,0.0
CN-01,30,2,17,2,16,1,1,0.04469999112188816,-1.0,0,False,WAIT,42,2022.873464911239,1.3296398891966759,True,1663,0.0
CN-01,31,2,16,2,16,1,4,30.71979997912422,1.0,1,True,ADVANCE,27,2000.0,1.3850415512465373,True,1686,0.0
CN-01,32,2,16,1,16,1,1,0.30889996560290456,-1.0,0,False,WAIT,30,1601.474805833616,1.3850415512465373,True,1562,0.0
CN-01,33,1,16,1,16,1,4,28.323200007434934,1.0,1,True,ADVANCE,21,1211.8496934239954,1.440443213296399,True,1592,0.0
CN-01,34,1,15,1,15,2,3,0.3744999994523823,1.0,1,True,ADVANCE,37,2000.0,1.4958448753462603,True,1649,0.0
CN-01,35,1,15,1,14,1,1,0.05189998773857951,-1.0,0,False,WAIT,35,1749.5484116518503,1.4958448753462603,True,1702,0.0
CN-01,36,1,15,1,14,0,0,29.268499987665564,-1.0,0,False,WAIT,32,2080.0044664803395,1.4958448753462603,True,1657,0.0
CN-01,37,1,14,1,14,1,4,31.45589999621734,1.0,1,True,ADVANCE,37,1875.9035467651888,1.551246537396122,True,1612,0.0
CN-01,38,1,13,1,13,2,3,0.8500000112690032,1.0,1,True,ADVANCE,32,2169.013315406066,1.6066481994459834,True,1683,0.0
CN-01,39,1,12,1,12,2,3,0.2481999690644443,1.0,1,True,ADVANCE,40,2134.3793977375985,1.662049861495845,True,1693,0.0
CN-01,40,1,11,1,11,2,3,0.18159998580813408,1.0,1,True,ADVANCE,38,1993.2468411490988,1.7174515235457064,True,1717,0.0
CN-01,41,1,10,1,10,2,3,0.23249996593222022,1.0,1,True,ADVANCE,32,2191.466202998613,1.772853185595568,True,1667,0.0
CN-01,42,1,9,1,9,2,3,0.17680000746622682,1.0,1,True,ADVANCE,36,1936.0726861534208,1.8282548476454294,True,1700,0.0
CN-01,43,1,8,1,8,2,3,0.20650000078603625,1.0,1,True,ADVANCE,34,2211.8496934239956,1.8836565096952906,True,1686,0.0
CN-01,44,1,7,1,7,2,3,0.1438999897800386,1.0,1,True,ADVANCE,37,2641.1803884299543,1.9390581717451523,True,1687,0.0
CN-01,45,1,6,1,6,2,3,0.11840002844110131,1.0,1,True,ADVANCE,35,2187.627962173755,1.9944598337950137,True,1708,0.0
CN-01,46,2,6,2,6,2,3,0.10920001659542322,1.0,1,True,ADVANCE,40,1930.6677936415217,2.0498614958448753,True,1752,0.0
CN-01,47,2,5,2,5,2,3,0.09399995906278491,1.0,1,True,ADVANCE,24,1211.8496934239954,2.1052631578947367,True,1665,0.0
CN-01,48,2,5,2,4,1,1,0.10990002192556858,-1.0,0,False,WAIT,33,1800.7374029168082,2.1052631578947367,True,1533,0.0
CN-01,49,2,4,2,4,1,4,32.54330001072958,1.0,1,True,ADVANCE,32,2129.9303907247136,2.160664819944598,True,1584,0.0
CN-01,50,1,4,1,4,2,3,0.4168000305071473,1.0,1,True,ADVANCE,34,2181.6004117468697,2.21606648199446,True,1604,0.0
CN-01,51,1,3,1,3,2,3,0.0782000133767724,1.0,1,True,ADVANCE,31,1800.7374029168082,2.2714681440443214,True,1701,0.0
CN-01,52,1,2,1,2,2,3,0.0706000137142837,1.0,1,True,ADVANCE,31,2138.7361780545602,2.326869806094183,True,1653,0.0
CN-01,53,1,1,1,1,2,3,0.08979998528957367,1.0,1,True,ADVANCE,35,1871.345720742684,2.3822714681440442,True,1639,0.0
CN-01,54,1,1,1,0,1,1,0.048799964133650064,-1.0,0,False,WAIT,33,2464.528271044518,2.3822714681440442,True,1598,0.0
CN-01,55,1,0,1,0,1,3,29.047899995930493,1.0,1,True,ADVANCE,35,2941.8568041785975,2.437673130193906,True,1586,0.0
CN-01,56,2,0,2,0,2,2,0.4683999577537179,1.0,1,True,ADVANCE,26,1969.750718322874,2.4930747922437675,True,1567,0.0
CN-01,57,2,1,2,1,2,3,0.06370001938194036,1.0,1,True,ADVANCE,24,1658.385975615811,2.548476454293629,True,1420,0.0
CN-01,58,2,2,2,2,2,3,0.06649998249486089,1.0,1,True,ADVANCE,32,1749.5484116518503,2.6038781163434903,True,1691,0.0
CN-01,59,2,3,2,3,2,3,0.0735999783501029,1.0,1,True,ADVANCE,35,2211.8496934239956,2.6592797783933517,True,1727,0.0
CN-01,60,2,3,3,3,1,1,0.04600000102072954,-1.0,0,False,WAIT,34,2403.1466249744826,2.6592797783933517,True,1654,0.0
CN-01,61,3,3,3,3,1,4,29.505499987863004,1.0,1,True,ADVANCE,32,1853.03008185395,2.714681440443213,True,1656,0.0
CN-01,62,3,3,3,2,1,1,0.6713000475428998,-1.0,0,False,WAIT,40,2774.9371282525676,2.714681440443213,True,1674,0.0
CN-01,63,3,3,3,2,0,0,29.99519999139011,-1.0,0,False,WAIT,42,2242.6551942635706,2.714681440443213,True,1685,0.0
CN-01,64,3,3,3,2,0,0,30.044499959331006,-1.0,0,False,WAIT,32,2191.466202998613,2.714681440443213,True,1705,0.0
CN-01,65,3,2,3,2,1,4,26.83639997849241,1.0,1,True,ADVANCE,25,1470.483292131313,2.7700831024930745,True,1557,0.0
CN-01,66,3,1,3,1,2,3,0.5079999682493508,1.0,1,True,ADVANCE,26,1459.123378532619,2.8254847645429364,True,1629,0.0
CN-01,67,3,0,3,0,2,2,0.07840001489967108,1.0,1,True,ADVANCE,45,3282.3607768599086,2.880886426592798,True,1739,0.0
CN-01,68,4,0,4,0,2,2,0.06990000838413835,1.0,1,True,ADVANCE,34,1641.1803884299545,2.936288088642659,True,1785,0.0
CN-01,69,4,0,4,1,1,1,0.04369998350739479,-1.0,0,False,WAIT,32,2030.902735229538,2.936288088642659,True,1685,0.0
CN-01,70,4,1,4,1,1,4,27.44220005115494,1.0,1,True,ADVANCE,26,1709.8428290555119,2.9916897506925206,True,1465,0.0
CN-01,71,4,2,4,2,2,3,0.39569998625665903,1.0,1,True,ADVANCE,30,1664.6573999864268,3.0470914127423825,True,1549,0.0
CN-01,72,4,3,4,3,2,3,0.09250000584870577,1.0,1,True,ADVANCE,35,2696.8183867077973,3.102493074792244,True,1698,0.0
CN-01,73,4,4,4,4,2,3,0.07400003960356116,1.0,1,True,ADVANCE,21,1749.5484116518503,3.1578947368421053,True,1646,0.0
CN-01,74,4,4,3,4,1,1,0.07070001447573304,-1.0,0,False,WAIT,46,2562.242610608135,3.1578947368421053,True,1682,0.0
CN-01,75,3,4,3,4,1,4,30.037800024729222,1.0,1,True,ADVANCE,30,2147.078911693634,3.2132963988919667,True,1640,0.0
CN-01,76,3,4,3,5,1,1,0.4200999974273145,-1.0,0,False,WAIT,31,1657.112804111459,3.2132963988919667,True,1517,0.0
CN-01,77,3,5,3,5,1,4,30.349500011652708,1.0,1,True,ADVANCE,40,2823.610867828047,3.2686980609418286,True,1615,0.0
CN-01,78,3,5,3,6,1,1,0.3885000478476286,-1.0,0,False,WAIT,39,3008.7865351862915,3.2686980609418286,True,1780,0.0
CN-01,79,3,6,3,6,1,4,32.010800030548126,1.0,1,True,ADVANCE,33,1819.0530418055423,3.32409972299169,True,1713,0.0
CN-01,80,3,7,3,7,2,3,0.4952999879606068,1.0,1,True,ADVANCE,34,1800.7374029168082,3.3795013850415514,True,1653,0.0
CN-01,81,2,7,2,7,2,3,0.12879999121651053,1.0,1,True,ADVANCE,32,2026.011374515703,3.434903047091413,True,1632,0.0
CN-01,82,2,8,2,8,2,3,0.08620001608505845,1.0,1,True,ADVANCE,23,1936.0726861534208,3.4903047091412747,True,1633,0.0
CN-01,83,2,9,2,9,2,3,0.07960002403706312,1.0,1,True,ADVANCE,40,2277.0093024183475,3.545706371191136,True,1625,0.0
CN-01,84,2,10,2,10,2,3,0.06760004907846451,1.0,1,True,ADVANCE,41,2129.9303907247136,3.6011080332409975,True,1801,0.0
CN-01,85,2,11,2,11,2,3,0.07830001413822174,1.0,1,True,ADVANCE,40,2271.6044099064484,3.656509695290859,True,1737,0.0
CN-01,86,2,11,2,12,1,1,0.07020001066848636,-1.0,0,False,WAIT,30,2129.9303907247136,3.656509695290859,True,1670,0.0
CN-01,87,2,12,2,12,1,4,30.50900000380352,1.0,1,True,ADVANCE,31,2819.0530418055423,3.71191135734072,True,1634,0.0
CN-01,88,2,12,2,13,1,1,0.47750002704560757,-1.0,0,False,WAIT,40,2240.415194208546,3.71191135734072,True,1690,0.0
CN-01,89,2,12,2,13,0,0,30.23959998972714,-1.0,0,False,WAIT,42,2264.4777815547905,3.71191135734072,True,1692,0.0
CN-01,90,2,13,2,13,1,4,28.638600022532046,1.0,1,True,ADVANCE,32,1812.4810313738294,3.7673130193905813,True,1691,0.0
CN-01,91,3,13,3,13,2,3,0.44600002001971006,1.0,1,True,ADVANCE,26,1782.8544076116893,3.822714681440443,True,1624,0.0
CN-01,92,3,12,3,12,2,3,0.06960000609979033,1.0,1,True,ADVANCE,36,2389.7341059572045,3.8781163434903045,True,1702,0.0
CN-01,93,3,11,3,11,2,3,0.0640999642200768,1.0,1,True,ADVANCE,39,2260.9708331523047,3.933518005540166,True,1636,0.0
CN-01,94,3,10,3,10,2,3,0.06890000076964498,1.0,1,True,ADVANCE,30,2375.855714923734,3.9889196675900274,True,1695,0.0
CN-01,95,3,9,3,9,2,3,0.10390003444626927,1.0,1,True,ADVANCE,36,2141.674019181735,4.044321329639889,True,1568,0.0
CN-01,96,3,8,3,8,2,3,0.09220000356435776,1.0,1,True,ADVANCE,35,2261.785670860652,4.099722991689751,True,1636,0.0
CN-01,97,4,8,4,8,2,3,0.06640003994107246,1.0,1,True,ADVANCE,34,1909.105426138704,4.1551246537396125,True,1633,0.0
CN-01,98,4,7,4,7,2,3,0.06539997411891818,1.0,1,True,ADVANCE,34,2182.2230696618553,4.2105263157894735,True,1612,0.0
CN-01,99,4,6,4,6,2,3,0.06360001862049103,1.0,1,True,ADVANCE,29,1800.7374029168082,4.265927977839335,True,1504,0.0
